date,time,loadShuntmV1,loadBusV1,loadCurrentmA1,ocShuntmV1,ocBusV1,ocCurrentmA1,iscShuntmV1,iscBusV1,iscCurrentmA1,loadShuntmV2,loadBusV2,loadCurrentmA2,ocShuntmV2,ocBusV2,ocCurrentmA2,iscShuntmV2,iscBusV2,iscCurrentmA2,loadShuntmV3,loadBusV3,loadCurrentmA3,ocShuntmV3,ocBusV3,ocCurrentmA3,iscShuntmV3,iscBusV3,iscCurrentmA3,loadShuntmV4,loadBusV4,loadCurrentmA4,ocShuntmV4,ocBusV4,ocCurrentmA4,iscShuntmV4,iscBusV4,iscCurrentmA4,ldrRaw,ldrVolt,ldrPct
25/08/2026,07:31:03,3.630,0.284,72.600,-0.030,8.970,-0.600,2.962,0.000,59.120,1.150,0.064,22.400,-0.044,6.380,-0.560,0.138,0.000,2.680,10.170,0.644,203.400,0.008,9.225,0.560,9.958,0.008,199.480,0.240,0.004,4.600,-0.060,4.398,-0.920,0.236,0.000,4.360,389,1.25,38.03
25/08/2026,07:32:00,3.640,0.292,72.600,-0.022,9.063,-0.600,3.012,0.000,60.280,1.140,0.068,22.800,-0.032,6.505,-0.720,0.140,0.000,2.960,10.590,0.680,211.400,0.030,9.306,0.560,10.396,0.004,207.840,0.240,0.012,5.000,-0.058,4.478,-1.240,0.246,0.000,4.520,422,1.36,41.25
25/08/2026,07:33:00,3.780,0.296,75.000,-0.040,9.134,-0.400,3.070,0.000,61.280,1.200,0.068,23.600,-0.040,6.597,-0.720,0.146,0.000,2.920,11.270,0.716,224.800,0.032,9.390,0.560,11.048,0.006,220.840,0.230,0.004,5.200,-0.042,4.586,-0.880,0.262,0.000,5.240,422,1.36,41.25
25/08/2026,07:34:00,3.810,0.304,76.200,-0.026,9.152,-0.520,3.146,0.000,63.120,1.200,0.076,24.200,-0.036,6.622,-0.800,0.150,0.000,2.960,11.360,0.724,226.800,0.028,9.411,0.640,11.144,0.002,223.120,0.270,0.012,5.400,-0.052,4.600,-1.200,0.252,0.000,5.360,422,1.36,41.25
25/08/2026,07:35:00,3.730,0.292,74.800,-0.044,9.108,-0.440,3.042,0.000,60.840,1.200,0.064,23.800,-0.024,6.576,-0.600,0.152,0.000,3.080,11.010,0.696,220.600,0.022,9.359,0.520,10.758,0.003,215.240,0.250,0.000,5.200,-0.046,4.546,-1.080,0.248,0.000,4.800,421,1.36,41.15
25/08/2026,07:36:00,3.650,0.288,72.200,-0.034,9.068,-0.800,2.974,0.000,59.560,1.150,0.064,23.000,-0.028,6.532,-0.560,0.140,0.000,2.960,10.710,0.676,213.800,0.034,9.320,0.600,10.460,0.002,209.640,0.250,0.004,5.200,-0.044,4.502,-1.160,0.240,0.000,5.000,421,1.36,41.15
25/08/2026,07:37:00,3.630,0.288,72.400,-0.042,9.054,-0.760,2.974,0.000,59.280,1.150,0.064,22.600,-0.032,6.514,-0.720,0.144,0.000,2.680,10.510,0.664,210.600,0.032,9.313,0.720,10.308,0.005,205.880,0.240,0.000,4.800,-0.058,4.472,-1.080,0.232,0.000,4.840,420,1.35,41.06
25/08/2026,07:38:00,3.700,0.288,73.600,-0.028,9.068,-0.440,3.004,0.000,60.520,1.150,0.068,23.200,-0.036,6.527,-0.600,0.136,0.000,3.000,10.490,0.660,210.000,0.032,9.300,0.600,10.264,0.004,205.400,0.250,0.000,4.800,-0.054,4.470,-0.760,0.224,0.000,4.560,421,1.36,41.15
25/08/2026,07:39:00,3.710,0.296,74.400,-0.030,9.085,-0.800,3.038,0.000,60.880,1.160,0.064,23.400,-0.040,6.550,-0.720,0.134,0.000,2.880,10.610,0.672,212.200,0.032,9.326,0.600,10.398,0.002,208.040,0.230,0.004,4.800,-0.046,4.492,-1.240,0.242,0.000,4.880,421,1.36,41.15
25/08/2026,07:40:00,3.760,0.292,74.600,-0.038,9.095,-0.560,3.058,0.000,61.280,1.170,0.064,23.200,-0.036,6.558,-0.680,0.154,0.000,2.840,10.640,0.672,212.800,0.032,9.312,0.480,10.426,0.002,208.520,0.250,0.000,5.200,-0.052,4.492,-1.040,0.252,0.000,4.760,421,1.36,41.15
25/08/2026,07:41:00,3.700,0.292,74.000,-0.040,9.081,-0.560,3.024,0.000,60.400,1.170,0.064,23.200,-0.040,6.545,-0.840,0.144,0.000,2.720,10.580,0.664,211.600,0.024,9.301,0.600,10.362,0.002,207.320,0.230,0.004,4.800,-0.054,4.477,-1.120,0.246,0.000,4.800,421,1.36,41.15
25/08/2026,07:42:00,3.650,0.288,73.600,-0.030,9.067,-0.680,3.002,0.000,60.120,1.160,0.064,23.000,-0.038,6.537,-0.840,0.142,0.000,3.000,10.590,0.668,212.000,0.032,9.309,0.440,10.370,0.002,207.480,0.260,0.004,4.800,-0.054,4.469,-0.960,0.244,0.000,4.920,422,1.36,41.25
25/08/2026,07:43:00,3.690,0.292,73.800,-0.036,9.081,-0.640,3.022,0.000,60.520,1.170,0.064,23.400,-0.034,6.558,-0.720,0.144,0.000,3.000,10.730,0.680,214.600,0.026,9.330,0.600,10.536,0.002,210.600,0.250,0.000,5.200,-0.046,4.490,-1.120,0.246,0.000,4.880,423,1.36,41.35
25/08/2026,07:44:00,3.780,0.300,75.800,-0.026,9.116,-0.840,3.104,0.000,62.120,1.210,0.064,24.000,-0.036,6.596,-0.600,0.140,0.000,2.840,10.990,0.696,219.400,0.028,9.364,0.520,10.764,0.002,215.040,0.250,0.000,4.800,-0.048,4.533,-1.120,0.250,0.000,4.800,421,1.36,41.15
25/08/2026,07:45:00,3.870,0.308,77.600,-0.018,9.153,-0.800,3.164,0.000,63.320,1.230,0.068,24.400,-0.034,6.639,-0.680,0.142,0.000,3.240,11.130,0.704,222.600,0.024,9.381,0.520,10.898,0.002,217.760,0.260,0.004,5.400,-0.054,4.554,-1.040,0.264,0.000,4.880,422,1.36,41.25
25/08/2026,07:46:00,3.890,0.308,78.000,-0.038,9.169,-0.560,3.196,0.000,64.000,1.250,0.068,24.400,-0.040,6.661,-0.600,0.158,0.000,3.160,11.380,0.724,227.400,0.020,9.409,0.440,11.154,0.003,222.960,0.260,0.008,5.200,-0.052,4.586,-0.880,0.256,0.000,5.280,422,1.36,41.25
25/08/2026,07:47:00,3.940,0.312,78.800,-0.018,9.187,-0.640,3.250,0.000,64.600,1.220,0.072,25.200,-0.032,6.681,-0.800,0.152,0.000,3.280,11.370,0.724,227.600,0.032,9.412,0.800,11.162,0.002,223.280,0.270,0.008,5.400,-0.054,4.594,-1.120,0.264,0.000,5.200,422,1.36,41.25
25/08/2026,07:48:00,3.920,0.308,78.200,-0.030,9.172,-0.880,3.210,0.000,64.280,1.230,0.072,24.600,-0.042,6.664,-0.560,0.150,0.000,3.120,11.280,0.716,225.400,0.022,9.394,0.520,11.038,0.002,220.840,0.270,0.004,5.400,-0.060,4.572,-1.040,0.252,0.000,5.280,420,1.35,41.06
25/08/2026,07:49:00,3.850,0.300,76.800,-0.036,9.142,-0.720,3.134,0.000,62.640,1.230,0.068,24.400,-0.034,6.637,-0.440,0.160,0.000,2.920,11.150,0.708,222.200,0.016,9.374,0.720,10.912,0.003,218.200,0.240,0.004,5.200,-0.056,4.550,-1.200,0.264,0.000,5.120,422,1.36,41.25
25/08/2026,07:50:00,3.850,0.300,76.400,-0.030,9.140,-0.480,3.124,0.000,62.680,1.220,0.068,24.400,-0.036,6.637,-0.720,0.158,0.000,3.080,11.270,0.712,225.000,0.020,9.386,0.440,11.034,0.005,220.600,0.280,0.004,4.600,-0.052,4.562,-1.280,0.274,0.000,5.160,421,1.36,41.15
25/08/2026,07:51:00,3.860,0.300,77.400,-0.040,9.152,-0.680,3.158,0.000,63.040,1.220,0.072,25.200,-0.034,6.651,-0.760,0.168,0.000,3.000,11.370,0.716,226.800,0.036,9.401,0.720,11.112,0.002,222.520,0.280,0.000,5.400,-0.044,4.582,-0.880,0.262,0.000,5.360,421,1.36,41.15
25/08/2026,07:52:00,3.880,0.308,78.200,-0.034,9.160,-0.560,3.176,0.000,63.480,1.240,0.068,24.800,-0.012,6.665,-0.720,0.156,0.000,3.120,11.380,0.716,227.600,0.026,9.402,0.760,11.138,0.002,222.600,0.260,0.004,5.600,-0.048,4.584,-1.000,0.260,0.000,5.400,422,1.36,41.25
25/08/2026,07:53:00,3.860,0.304,77.400,-0.030,9.155,-0.880,3.174,0.000,63.320,1.240,0.068,25.400,-0.040,6.664,-0.640,0.150,0.000,3.200,11.510,0.732,229.800,0.024,9.413,0.600,11.260,0.002,225.280,0.260,0.000,5.200,-0.046,4.594,-1.040,0.272,0.000,5.280,421,1.36,41.15
25/08/2026,07:54:00,3.840,0.304,77.800,-0.034,9.160,-0.680,3.176,0.000,63.680,1.250,0.072,24.800,-0.034,6.664,-0.600,0.170,0.000,3.320,11.470,0.724,228.800,0.030,9.410,0.440,11.226,0.002,224.240,0.250,0.004,5.600,-0.058,4.594,-1.160,0.256,0.000,5.360,422,1.36,41.25
25/08/2026,07:55:00,3.880,0.304,76.800,-0.034,9.151,-0.600,3.158,0.000,63.320,1.250,0.068,24.600,-0.038,6.653,-0.520,0.166,0.000,3.280,11.240,0.708,225.400,0.026,9.390,0.440,10.986,0.002,219.680,0.270,0.000,5.400,-0.050,4.560,-0.920,0.266,0.000,4.960,422,1.36,41.25
25/08/2026,07:56:00,3.790,0.300,75.400,-0.026,9.126,-0.800,3.106,0.000,61.880,1.210,0.068,24.200,-0.030,6.626,-0.800,0.178,0.000,3.240,10.990,0.696,219.600,0.036,9.357,0.480,10.742,0.002,215.000,0.280,0.000,5.200,-0.042,4.518,-1.120,0.252,0.000,5.120,422,1.36,41.25
25/08/2026,07:57:00,3.750,0.292,74.600,-0.032,9.112,-0.680,3.068,0.000,61.280,1.200,0.068,23.800,-0.032,6.618,-0.800,0.168,0.000,3.240,11.000,0.692,219.600,0.036,9.354,0.520,10.748,0.002,214.960,0.250,0.000,5.400,-0.064,4.513,-1.120,0.252,0.000,5.120,422,1.36,41.25
25/08/2026,07:58:00,3.770,0.292,75.200,-0.034,9.123,-0.640,3.082,0.000,61.680,1.240,0.068,24.000,-0.034,6.642,-0.720,0.178,0.000,3.200,11.320,0.720,226.800,0.032,9.389,0.480,11.118,0.002,222.320,0.230,0.004,5.000,-0.052,4.561,-1.120,0.264,0.000,5.320,422,1.36,41.25
25/08/2026,07:59:00,3.910,0.308,77.400,-0.046,9.184,-0.680,3.206,0.000,64.040,1.280,0.072,25.200,-0.038,6.721,-0.520,0.184,0.000,3.520,11.950,0.756,239.400,0.020,9.460,0.240,11.718,0.004,234.400,0.270,0.008,5.800,-0.056,4.647,-1.080,0.268,0.000,5.600,422,1.36,41.25
25/08/2026,08:00:00,4.120,0.324,82.400,-0.038,9.270,-0.440,3.398,0.000,67.920,1.330,0.080,26.800,-0.042,6.818,-0.360,0.192,0.000,3.800,12.700,0.808,253.800,0.032,9.542,0.440,12.432,0.004,248.720,0.290,0.008,6.000,-0.044,4.744,-0.960,0.302,0.000,5.600,422,1.36,41.25
25/08/2026,08:01:00,4.320,0.340,86.400,-0.030,9.342,-0.680,3.540,0.000,70.760,1.400,0.084,27.600,-0.038,6.893,-0.560,0.200,0.000,3.840,12.950,0.820,259.800,0.024,9.579,0.600,12.664,0.003,253.680,0.260,0.008,6.600,-0.052,4.799,-1.240,0.308,0.000,5.960,421,1.36,41.15
25/08/2026,08:02:00,4.290,0.336,85.600,-0.042,9.336,-0.520,3.508,0.000,70.200,1.380,0.084,27.400,-0.032,6.898,-0.560,0.188,0.000,3.880,12.910,0.820,258.200,0.020,9.565,0.640,12.634,0.004,252.640,0.310,0.008,6.200,-0.046,4.782,-1.000,0.292,0.000,6.120,423,1.36,41.35
25/08/2026,08:03:00,4.230,0.336,85.200,-0.030,9.325,-0.480,3.466,0.000,69.280,1.400,0.080,28.200,-0.030,6.896,-0.480,0.202,0.000,3.960,13.230,0.840,264.400,0.032,9.582,0.760,12.946,0.005,258.800,0.330,0.008,6.600,-0.044,4.819,-0.960,0.306,0.000,6.360,422,1.36,41.25
25/08/2026,08:04:00,4.300,0.336,85.600,-0.028,9.346,-0.560,3.524,0.000,70.320,1.400,0.084,28.600,-0.034,6.926,-0.600,0.206,0.000,4.120,13.630,0.864,272.000,0.026,9.609,0.520,13.304,0.005,266.320,0.320,0.008,6.400,-0.050,4.866,-0.960,0.328,0.000,6.560,422,1.36,41.25
25/08/2026,08:05:00,4.380,0.344,87.400,-0.026,9.383,-0.520,3.598,0.000,72.040,1.450,0.084,28.800,-0.026,6.969,-0.600,0.206,0.000,4.160,13.990,0.888,279.800,0.030,9.643,0.480,13.702,0.007,273.680,0.330,0.008,7.200,-0.050,4.914,-0.800,0.324,0.000,6.720,423,1.36,41.35
25/08/2026,08:06:00,4.470,0.356,89.200,-0.036,9.416,-0.760,3.678,0.000,73.680,1.480,0.088,30.000,-0.036,7.014,-0.800,0.212,0.000,4.200,14.230,0.904,284.000,0.032,9.682,0.680,13.926,0.006,278.480,0.320,0.012,7.000,-0.062,4.945,-1.080,0.332,0.000,6.840,422,1.36,41.25
25/08/2026,08:07:00,4.550,0.360,91.600,-0.034,9.443,-0.440,3.736,0.000,74.560,1.500,0.088,30.200,-0.032,7.051,-0.680,0.210,0.000,4.440,14.620,0.928,292.600,0.028,9.702,0.600,14.356,0.007,286.760,0.350,0.012,6.200,-0.058,4.992,-1.080,0.344,0.000,6.760,423,1.36,41.35
25/08/2026,08:08:00,4.610,0.368,92.400,-0.030,9.474,-0.800,3.802,0.000,76.200,1.590,0.092,30.600,-0.038,7.090,-0.640,0.222,0.000,4.360,14.910,0.948,297.600,0.026,9.726,0.280,14.590,0.008,291.720,0.340,0.008,7.000,-0.042,5.030,-1.080,0.362,0.000,7.040,423,1.36,41.35
25/08/2026,08:09:00,4.670,0.368,93.400,-0.038,9.494,-0.680,3.856,0.000,76.800,1.590,0.096,32.000,-0.038,7.125,-0.760,0.220,0.000,4.640,15.380,0.976,307.800,0.026,9.747,0.640,15.074,0.010,301.520,0.370,0.012,7.400,-0.050,5.076,-0.800,0.362,0.000,7.400,423,1.36,41.35
25/08/2026,08:10:00,4.840,0.388,97.400,-0.036,9.547,-0.600,3.992,0.000,79.880,1.640,0.100,32.400,-0.038,7.186,-0.760,0.242,0.000,5.000,15.820,1.008,316.800,0.026,9.783,0.640,15.508,0.010,310.040,0.410,0.012,8.000,-0.050,5.129,-0.760,0.388,0.000,7.520,423,1.36,41.35
25/08/2026,08:11:00,4.930,0.388,98.600,-0.026,9.562,-0.760,4.050,0.000,81.160,1.670,0.100,33.400,-0.040,7.210,-0.800,0.238,0.000,4.840,16.030,1.020,320.800,0.028,9.796,0.640,15.614,0.010,312.200,0.380,0.012,7.400,-0.052,5.149,-0.840,0.386,0.000,7.520,423,1.36,41.35
25/08/2026,08:12:00,5.010,0.396,100.400,-0.038,9.590,-0.680,4.136,0.000,82.640,1.700,0.100,33.600,-0.032,7.245,-0.680,0.254,0.000,4.920,16.260,1.040,325.200,0.022,9.826,0.520,15.918,0.010,318.240,0.370,0.020,8.000,-0.048,5.181,-0.800,0.394,0.000,7.920,426,1.37,41.64
25/08/2026,08:13:00,5.140,0.408,102.200,-0.034,9.620,-0.560,4.228,0.000,84.400,1.740,0.104,34.600,-0.030,7.284,-0.640,0.250,0.000,5.080,16.730,1.068,334.400,0.036,9.870,0.520,16.382,0.011,327.760,0.420,0.020,8.400,-0.046,5.229,-1.040,0.412,0.000,8.000,424,1.37,41.45
25/08/2026,08:14:00,5.320,0.420,105.800,-0.030,9.660,-0.560,4.360,0.000,87.440,1.790,0.108,36.200,-0.026,7.338,-0.520,0.268,0.000,5.320,17.260,1.104,345.800,0.012,9.902,0.560,16.950,0.012,339.040,0.410,0.016,9.000,-0.046,5.294,-1.000,0.414,0.000,8.600,424,1.37,41.45
25/08/2026,08:15:00,5.450,0.432,108.600,-0.034,9.695,-0.760,4.476,0.000,89.400,1.840,0.108,36.400,-0.026,7.381,-0.560,0.278,0.000,5.760,17.530,1.120,350.200,0.028,9.933,0.760,17.188,0.013,343.880,0.430,0.020,8.800,-0.044,5.312,-0.920,0.436,0.000,8.560,423,1.36,41.35
25/08/2026,08:16:00,5.570,0.444,111.000,-0.020,9.726,-0.640,4.572,0.000,91.560,1.870,0.112,37.200,-0.040,7.428,-0.880,0.294,0.000,5.840,18.160,1.156,363.000,0.032,9.970,0.520,17.896,0.014,357.600,0.440,0.020,9.000,-0.052,5.374,-0.800,0.448,0.000,8.800,423,1.36,41.35
25/08/2026,08:17:00,5.780,0.460,115.600,-0.046,9.782,-0.600,4.776,0.000,95.520,1.990,0.116,39.400,-0.034,7.506,-0.680,0.304,0.000,5.880,19.260,1.228,385.000,0.038,10.037,0.720,19.046,0.016,381.080,0.480,0.020,9.800,-0.060,5.482,-1.280,0.482,0.000,9.680,424,1.37,41.45
25/08/2026,08:18:00,6.030,0.480,120.000,-0.028,9.838,-0.360,4.966,0.000,99.280,2.080,0.128,40.600,-0.030,7.574,-0.360,0.314,0.000,6.320,19.820,1.260,397.000,0.026,10.069,0.640,19.652,0.018,393.000,0.480,0.024,9.800,-0.044,5.535,-1.080,0.488,0.000,10.000,424,1.37,41.45
25/08/2026,08:19:00,6.150,0.492,123.000,-0.040,9.875,-0.920,5.084,0.000,101.400,2.100,0.132,42.000,-0.028,7.623,-0.440,0.324,0.000,6.480,20.320,1.288,406.800,0.026,10.095,0.440,20.118,0.018,402.600,0.520,0.024,10.000,-0.052,5.576,-1.160,0.504,0.000,9.800,424,1.37,41.45
25/08/2026,08:20:00,6.190,0.496,124.000,-0.032,9.882,-0.560,5.118,0.000,102.320,2.120,0.128,42.400,-0.024,7.647,-0.680,0.332,0.000,6.600,20.870,1.320,418.000,0.028,10.118,0.600,20.648,0.018,413.040,0.520,0.024,10.800,-0.058,5.617,-0.920,0.508,0.000,10.200,425,1.37,41.54
25/08/2026,08:21:00,6.360,0.508,126.800,-0.038,9.922,-0.640,5.254,0.000,105.360,2.220,0.140,44.000,-0.032,7.696,-0.320,0.340,0.000,6.960,21.710,1.376,434.200,0.020,10.155,0.400,21.516,0.018,430.120,0.550,0.028,11.200,-0.052,5.691,-0.960,0.544,0.000,10.560,426,1.37,41.64
25/08/2026,08:22:00,6.540,0.524,130.400,-0.034,9.960,-0.800,5.384,0.000,107.880,2.280,0.144,45.400,-0.036,7.744,-0.560,0.348,0.000,6.920,22.250,1.408,444.800,0.026,10.179,0.440,22.018,0.020,440.400,0.570,0.032,11.200,-0.052,5.738,-0.720,0.542,0.000,11.520,425,1.37,41.54
25/08/2026,08:23:00,6.610,0.532,132.800,-0.032,9.985,-0.600,5.454,0.000,109.000,2.320,0.148,46.000,-0.036,7.774,-0.480,0.362,0.000,7.040,22.410,1.420,447.800,0.020,10.204,0.600,22.162,0.022,443.360,0.570,0.036,11.600,-0.044,5.757,-1.160,0.552,0.000,11.040,425,1.37,41.54
25/08/2026,08:24:00,6.570,0.524,131.600,-0.034,9.973,-0.640,5.422,0.000,108.400,2.290,0.140,45.600,-0.030,7.761,-0.440,0.352,0.000,6.960,22.190,1.404,443.800,0.020,10.189,0.600,21.936,0.022,438.680,0.560,0.032,11.000,-0.048,5.736,-0.960,0.558,0.000,11.120,427,1.38,41.74
25/08/2026,08:25:00,6.480,0.516,129.200,-0.024,9.951,-0.920,5.320,0.000,106.280,2.250,0.140,45.000,-0.024,7.738,-0.760,0.344,0.000,7.080,21.870,1.388,437.400,0.016,10.166,0.600,21.620,0.019,432.240,0.560,0.028,10.800,-0.050,5.706,-1.000,0.546,0.000,10.800,425,1.37,41.54
25/08/2026,08:26:00,6.490,0.516,129.600,-0.036,9.958,-0.640,5.338,0.000,106.880,2.270,0.140,45.200,-0.034,7.754,-0.760,0.350,0.000,6.960,22.290,1.416,446.200,0.020,10.186,0.640,22.024,0.019,440.560,0.540,0.032,10.800,-0.054,5.737,-0.840,0.568,0.000,11.080,425,1.37,41.54
25/08/2026,08:27:00,6.700,0.536,133.400,-0.030,10.004,-0.720,5.526,0.000,110.360,2.360,0.148,46.800,-0.030,7.818,-0.760,0.364,0.000,7.160,23.140,1.468,463.000,0.032,10.230,0.560,22.862,0.023,457.520,0.590,0.032,11.400,-0.052,5.802,-0.960,0.572,0.000,11.800,426,1.37,41.64
25/08/2026,08:28:00,6.890,0.548,137.200,-0.030,10.046,-0.560,5.672,0.000,113.480,2.420,0.152,48.800,-0.042,7.875,-0.600,0.386,0.000,7.560,24.200,1.536,484.200,0.024,10.282,0.480,23.988,0.025,479.800,0.620,0.036,12.200,-0.056,5.885,-1.120,0.616,0.000,12.440,426,1.37,41.64
25/08/2026,08:29:00,7.020,0.564,141.400,-0.036,10.081,-0.760,5.834,0.000,116.400,2.510,0.160,50.200,-0.018,7.928,-0.640,0.384,0.000,7.680,24.950,1.584,499.000,0.024,10.311,0.760,24.668,0.023,493.400,0.630,0.040,12.200,-0.050,5.935,-0.960,0.636,0.000,12.520,426,1.37,41.64
25/08/2026,08:30:00,7.200,0.580,144.800,-0.034,10.118,-0.800,5.988,0.001,119.720,2.620,0.164,52.200,-0.026,7.978,-0.640,0.406,0.000,8.160,26.030,1.656,520.800,0.026,10.347,0.280,25.812,0.026,516.120,0.660,0.044,13.400,-0.042,6.018,-0.840,0.658,0.000,13.120,426,1.37,41.64
25/08/2026,08:31:00,7.420,0.592,148.600,-0.042,10.154,-0.680,6.138,0.000,122.920,2.670,0.168,53.200,-0.026,8.032,-0.640,0.412,0.000,8.360,26.600,1.696,532.000,0.024,10.380,0.800,26.334,0.027,526.960,0.660,0.044,13.400,-0.048,6.050,-0.800,0.678,0.000,13.280,426,1.37,41.64
25/08/2026,08:32:00,7.480,0.604,149.800,-0.024,10.182,-0.480,6.238,0.001,124.560,2.740,0.176,55.000,-0.024,8.083,-0.880,0.438,0.000,8.560,27.780,1.768,555.400,0.036,10.420,0.480,27.580,0.030,551.640,0.710,0.048,14.400,-0.068,6.121,-0.840,0.706,0.000,14.120,427,1.38,41.74
25/08/2026,08:33:00,7.690,0.616,153.600,-0.030,10.223,-0.560,6.378,0.000,127.360,2.840,0.180,57.000,-0.016,8.145,-0.800,0.440,0.000,8.920,29.280,1.856,585.400,0.026,10.469,0.640,28.924,0.031,578.520,0.750,0.052,14.800,-0.044,6.205,-1.000,0.762,0.000,14.800,427,1.38,41.74
25/08/2026,08:34:00,7.860,0.636,157.800,-0.030,10.265,-0.760,6.584,0.000,131.760,2.970,0.192,59.400,-0.022,8.209,-0.680,0.470,0.000,9.360,30.770,1.956,615.200,0.030,10.518,0.600,30.536,0.034,611.200,0.790,0.052,15.400,-0.048,6.294,-1.080,0.776,0.000,15.600,427,1.38,41.74
25/08/2026,08:35:00,8.040,0.648,161.000,-0.038,10.284,-0.720,6.674,0.001,133.560,3.000,0.192,60.600,-0.020,8.235,-0.960,0.482,0.000,9.480,30.990,1.960,619.200,0.046,10.518,0.760,30.724,0.037,614.440,0.800,0.052,16.000,-0.046,6.296,-0.960,0.784,0.000,15.680,426,1.37,41.64
25/08/2026,08:36:00,8.050,0.648,160.200,-0.022,10.284,-0.720,6.646,0.000,132.880,3.070,0.196,60.800,-0.038,8.244,-0.400,0.490,0.000,9.720,31.680,2.000,633.600,0.026,10.535,0.600,31.302,0.035,626.320,0.820,0.056,16.000,-0.052,6.328,-0.880,0.800,0.000,16.000,426,1.37,41.64
25/08/2026,08:37:00,8.150,0.652,162.800,-0.030,10.308,-0.720,6.778,0.000,135.200,3.080,0.200,62.000,-0.024,8.278,-0.640,0.492,0.000,9.640,32.540,2.060,651.400,0.038,10.555,0.440,32.220,0.038,644.360,0.820,0.056,16.200,-0.052,6.381,-1.120,0.832,0.000,16.440,427,1.38,41.74
25/08/2026,08:38:00,8.330,0.668,167.000,-0.034,10.345,-0.680,6.944,0.001,139.040,3.200,0.204,64.000,-0.036,8.331,-0.560,0.502,0.000,10.120,33.770,2.136,675.800,0.040,10.591,0.360,33.446,0.041,669.000,0.880,0.060,17.000,-0.048,6.447,-1.120,0.848,0.000,17.080,427,1.38,41.74
25/08/2026,08:39:00,8.530,0.688,170.400,-0.038,10.375,-0.760,7.104,0.001,142.040,3.300,0.216,66.200,-0.026,8.379,-0.520,0.524,0.000,10.320,34.980,2.216,699.200,0.028,10.618,0.680,34.640,0.042,692.680,0.890,0.064,18.000,-0.048,6.507,-0.960,0.888,0.000,17.640,428,1.38,41.84
25/08/2026,08:40:00,8.760,0.704,174.800,-0.034,10.403,-0.560,7.276,0.002,145.200,3.420,0.220,68.400,-0.032,8.422,-0.680,0.550,0.000,10.960,36.340,2.300,726.600,0.032,10.656,0.560,35.888,0.044,717.880,0.940,0.068,19.200,-0.040,6.570,-0.960,0.928,0.000,18.640,428,1.38,41.84
25/08/2026,08:41:00,9.350,0.756,186.600,-0.038,10.485,-0.520,7.784,0.001,156.040,3.640,0.236,73.000,-0.026,8.529,-0.600,0.582,0.000,11.520,39.020,2.468,780.800,0.034,10.722,0.760,37.076,0.048,741.680,1.030,0.072,20.000,-0.044,6.709,-1.000,1.002,0.000,20.120,428,1.38,41.84
25/08/2026,08:42:00,10.370,0.836,208.200,-0.018,10.620,-0.520,8.658,0.004,173.080,4.150,0.268,83.400,-0.022,8.723,-0.600,0.662,0.000,13.120,44.130,2.856,882.200,0.026,10.855,0.480,40.928,0.054,818.960,1.170,0.084,23.000,-0.050,6.973,-0.960,1.168,0.000,23.360,429,1.38,41.94
25/08/2026,08:43:00,12.020,0.976,241.000,-0.026,10.795,-0.480,9.986,0.014,199.360,4.930,0.324,99.200,-0.024,8.980,-0.480,0.786,0.008,15.680,52.530,3.480,1050.400,0.038,11.013,0.520,48.590,0.076,971.840,1.450,0.116,28.800,-0.036,7.325,-1.080,1.444,0.000,28.680,431,1.39,42.13
25/08/2026,08:44:00,14.320,1.164,286.400,-0.032,10.983,-0.880,12.040,0.010,240.880,5.920,0.396,118.000,-0.036,9.245,-0.600,0.890,0.003,17.480,62.580,4.204,1251.200,0.032,11.152,0.520,57.444,0.085,1148.600,1.760,0.152,35.400,-0.050,7.647,-0.960,1.764,0.000,35.400,432,1.39,42.23
25/08/2026,08:45:00,16.350,1.324,326.800,-0.026,11.100,-0.800,13.646,0.013,272.920,6.810,0.452,136.200,-0.032,9.417,-0.680,1.018,0.008,20.160,69.170,4.696,1383.600,0.038,11.229,0.600,64.244,0.097,1284.920,1.960,0.160,40.000,-0.050,7.834,-0.960,1.978,0.000,39.480,433,1.40,42.33
25/08/2026,08:46:00,18.160,1.472,363.000,-0.026,11.190,-0.560,15.200,0.018,304.160,7.550,0.500,150.800,-0.026,9.544,-0.680,1.084,0.010,21.320,76.260,5.188,1525.200,0.024,11.298,0.600,72.234,0.110,1444.640,2.220,0.184,44.200,-0.052,8.004,-1.040,2.220,0.000,44.040,434,1.40,42.42
25/08/2026,08:47:00,19.740,1.600,395.200,-0.030,11.246,-0.720,16.534,0.019,330.600,8.060,0.536,161.400,-0.020,9.608,-0.520,1.122,0.011,22.280,80.700,5.448,1614.400,0.030,11.324,0.840,86.148,0.128,1722.640,2.310,0.196,47.000,-0.046,8.083,-0.720,2.320,0.000,46.560,435,1.40,42.52
25/08/2026,08:48:00,19.370,1.568,386.600,-0.026,11.215,-0.400,16.140,0.018,322.680,7.900,0.524,158.200,-0.030,9.567,-0.600,1.094,0.010,21.840,84.510,5.340,1690.800,0.034,11.302,0.680,69.842,0.110,1396.280,2.280,0.192,45.800,-0.042,8.034,-0.720,2.268,0.000,45.280,434,1.40,42.42
25/08/2026,08:49:00,18.430,1.488,368.600,-0.036,11.170,-0.520,15.382,0.016,307.400,7.570,0.500,152.200,-0.034,9.506,-0.680,1.012,0.008,20.040,74.260,5.160,1485.200,0.032,11.281,0.560,70.486,0.109,1409.560,2.180,0.184,44.000,-0.046,7.970,-1.120,2.178,0.000,43.720,434,1.40,42.42
25/08/2026,08:50:00,18.540,1.496,370.600,-0.040,11.166,-0.640,15.460,0.015,309.120,7.520,0.504,151.600,-0.038,9.512,-0.640,1.012,0.010,20.480,74.990,5.124,1500.600,0.032,11.260,0.560,74.346,0.110,1486.840,2.160,0.176,43.000,-0.052,7.922,-0.880,2.120,0.000,42.560,434,1.40,42.42
25/08/2026,08:51:00,18.450,1.492,369.200,-0.032,11.158,-0.840,15.356,0.016,307.360,7.480,0.492,149.600,-0.028,9.516,-0.600,1.044,0.009,20.680,75.970,5.020,1519.600,0.024,11.239,0.720,71.864,0.107,1437.040,2.080,0.168,41.400,-0.054,7.856,-1.000,2.064,0.000,41.120,435,1.40,42.52
25/08/2026,08:52:00,16.740,1.348,334.600,-0.020,11.070,-0.440,13.882,0.012,277.360,6.910,0.460,138.600,-0.028,9.402,-0.400,0.974,0.007,19.240,71.870,4.780,1437.600,0.028,11.194,0.760,68.156,0.100,1363.000,1.970,0.164,39.400,-0.040,7.768,-1.080,1.950,0.000,38.960,433,1.40,42.33
25/08/2026,08:53:00,16.020,1.292,320.200,-0.038,11.029,-0.400,13.346,0.010,267.200,6.620,0.436,132.600,-0.020,9.350,-0.600,0.908,0.006,18.480,69.130,4.612,1382.800,0.034,11.170,0.640,66.772,0.099,1335.440,1.890,0.156,37.400,-0.044,7.702,-0.840,1.882,0.000,37.640,431,1.39,42.13
25/08/2026,08:54:00,16.080,1.296,321.200,-0.034,11.038,-0.520,13.374,0.014,267.440,6.660,0.444,133.600,-0.026,9.373,-0.320,0.890,0.005,18.080,70.850,4.688,1416.800,0.024,11.174,0.560,67.474,0.099,1349.520,1.900,0.156,37.800,-0.052,7.711,-0.920,1.896,0.000,37.880,433,1.40,42.33
25/08/2026,08:55:00,17.050,1.376,340.800,-0.034,11.088,-0.720,14.214,0.013,284.520,6.930,0.456,137.800,-0.020,9.442,-0.400,0.924,0.006,18.560,72.290,4.804,1446.400,0.030,11.190,0.520,70.900,0.106,1417.640,1.940,0.160,39.000,-0.046,7.740,-0.840,1.940,0.000,38.920,434,1.40,42.42
25/08/2026,08:56:00,17.180,1.388,343.200,-0.030,11.102,-0.640,14.278,0.014,285.320,6.980,0.464,140.000,-0.026,9.482,-0.600,0.970,0.006,19.400,76.950,5.048,1538.800,0.034,11.216,0.520,72.196,0.110,1443.760,2.000,0.164,40.200,-0.048,7.806,-0.840,2.012,0.000,40.440,434,1.40,42.42
25/08/2026,08:57:00,18.940,1.528,378.400,-0.026,11.198,-0.480,16.010,0.019,319.760,7.680,0.512,153.800,-0.028,9.626,-0.440,1.070,0.010,21.320,81.400,5.432,1628.200,0.026,11.263,0.600,75.762,0.117,1515.000,2.180,0.184,43.400,-0.046,7.920,-0.880,2.164,0.000,43.600,435,1.40,42.52
25/08/2026,08:58:00,22.370,1.808,446.400,-0.032,11.320,-0.600,18.398,0.022,367.880,8.970,0.604,179.000,-0.022,9.803,-0.800,1.110,0.015,22.160,89.400,6.032,1788.000,0.038,11.330,0.360,87.230,0.137,1744.800,2.440,0.216,49.200,-0.042,8.110,-0.880,2.450,0.000,48.840,435,1.40,42.52
25/08/2026,08:59:00,26.620,2.148,533.200,-0.024,11.436,-0.720,22.412,0.034,448.040,10.520,0.700,210.800,-0.024,9.967,-0.680,1.252,0.024,24.920,98.300,6.496,1966.000,0.026,11.380,0.480,95.528,0.154,1910.560,2.700,0.232,53.400,-0.052,8.250,-1.120,2.684,0.000,53.480,437,1.41,42.72
25/08/2026,09:00:00,38.200,3.076,764.000,-0.030,11.687,-0.760,31.870,0.045,637.400,14.420,0.964,288.600,-0.032,10.290,-0.760,1.568,0.033,31.280,102.670,6.772,2053.800,0.028,11.412,0.760,100.982,0.160,2019.560,2.900,0.248,57.000,-0.048,8.334,-1.000,2.852,0.000,57.320,439,1.42,42.91
25/08/2026,09:01:00,44.990,3.612,900.200,-0.028,11.711,-0.640,37.198,0.054,744.200,15.350,1.032,307.400,-0.032,10.339,-0.520,1.306,0.034,25.960,102.480,6.728,2049.400,0.028,11.397,0.680,93.624,0.152,1872.720,2.870,0.244,57.600,-0.044,8.321,-0.840,2.824,0.000,56.760,440,1.42,43.01
25/08/2026,09:02:00,48.770,3.912,975.200,-0.026,11.744,-0.640,41.016,0.060,820.160,17.460,1.160,349.400,-0.024,10.402,-0.600,1.138,0.042,22.560,102.860,6.924,2057.600,0.030,11.418,0.520,91.136,0.153,1822.680,2.980,0.252,59.400,-0.054,8.384,-0.720,2.950,0.000,59.040,439,1.42,42.91
25/08/2026,09:03:00,31.340,2.516,626.600,-0.032,11.363,-0.680,25.786,0.035,515.800,11.360,0.752,227.600,-0.030,9.924,-0.560,0.620,0.021,12.720,100.200,6.920,2004.200,0.020,11.383,0.360,88.486,0.147,1769.760,2.920,0.248,58.000,-0.054,8.332,-1.000,2.892,0.000,57.920,438,1.41,42.82
25/08/2026,09:04:00,33.930,2.724,678.800,-0.022,11.457,-0.600,29.582,0.041,591.800,12.130,0.800,242.600,-0.028,10.021,-0.720,0.658,0.026,12.920,100.780,7.032,2015.800,0.026,11.407,0.760,89.180,0.151,1783.680,2.970,0.252,59.400,-0.038,8.363,-1.080,2.960,0.000,59.080,438,1.41,42.82
25/08/2026,09:05:00,50.880,4.084,1018.000,-0.018,11.785,-0.320,45.752,0.070,914.840,19.900,1.300,398.800,-0.032,10.502,-0.760,1.518,0.051,29.960,102.600,7.204,2052.200,0.028,11.433,0.560,92.960,0.158,1859.160,3.150,0.272,63.800,-0.044,8.465,-0.920,3.150,0.000,62.920,441,1.42,43.11
25/08/2026,09:06:00,54.260,4.340,1085.200,-0.032,11.723,-0.560,46.306,0.070,926.040,19.830,1.312,396.400,-0.030,10.437,-0.560,1.156,0.049,23.040,101.330,7.164,2027.000,0.028,11.423,0.720,91.388,0.157,1827.800,3.080,0.268,62.200,-0.052,8.438,-0.760,3.110,0.000,62.280,441,1.42,43.11
25/08/2026,09:07:00,30.200,2.424,604.000,-0.032,11.262,-0.800,24.412,0.033,488.560,11.040,0.728,221.200,-0.018,9.825,-0.600,0.648,0.020,12.800,100.280,7.072,2005.600,0.032,11.370,0.720,90.168,0.152,1803.520,2.960,0.252,59.600,-0.048,8.342,-0.880,2.954,0.000,59.320,437,1.41,42.72
25/08/2026,09:08:00,31.610,2.536,632.200,-0.020,11.341,-0.600,26.582,0.035,531.720,11.770,0.776,235.600,-0.030,9.899,-0.360,0.660,0.024,13.160,105.370,7.384,2107.600,0.036,11.414,0.720,95.048,0.165,1900.960,3.220,0.276,64.600,-0.050,8.470,-0.800,3.222,0.000,64.440,439,1.42,42.91
25/08/2026,09:09:00,38.670,3.104,773.800,-0.034,11.470,-0.800,33.056,0.048,661.000,13.750,0.908,274.800,-0.028,10.062,-0.520,0.704,0.032,13.840,109.250,7.676,2185.400,0.024,11.456,0.680,99.876,0.175,1997.480,3.530,0.296,70.600,-0.040,8.598,-1.000,3.528,0.000,70.720,439,1.42,42.91
25/08/2026,09:10:00,32.240,2.592,644.400,-0.028,11.377,-0.680,27.234,0.037,544.520,12.390,0.808,248.000,-0.034,9.938,-0.560,0.576,0.026,11.720,108.640,7.708,2172.800,0.040,11.443,0.400,99.078,0.174,1981.440,3.480,0.292,69.400,-0.040,8.580,-0.760,3.490,0.000,69.720,439,1.42,42.91
25/08/2026,09:11:00,40.830,3.276,816.800,-0.026,11.463,-0.680,34.958,0.050,699.480,14.510,0.952,290.800,-0.028,10.085,-0.440,0.708,0.034,14.200,107.190,7.644,2143.000,0.022,11.430,0.480,99.254,0.175,1985.160,3.570,0.300,71.800,-0.052,8.621,-0.880,3.614,0.000,72.640,441,1.42,43.11
25/08/2026,09:12:00,53.650,4.296,1073.400,-0.028,11.667,-0.760,51.644,0.082,1033.160,18.210,1.212,364.400,-0.026,10.330,-0.440,1.480,0.050,29.520,110.270,7.884,2205.600,0.028,11.496,0.560,106.322,0.191,2126.520,4.030,0.328,81.000,-0.036,8.834,-0.840,4.160,0.000,83.320,441,1.42,43.11
25/08/2026,09:13:00,55.190,4.416,1104.000,-0.028,11.636,-0.280,48.086,0.078,961.800,17.910,1.208,358.800,-0.022,10.276,-0.440,0.826,0.052,16.640,111.920,8.008,2238.800,0.036,11.517,0.640,102.894,0.191,2058.080,4.210,0.344,84.200,-0.044,8.884,-1.080,4.214,0.000,84.320,442,1.43,43.21
25/08/2026,09:14:00,54.880,4.404,1097.400,-0.024,11.598,-0.400,47.026,0.074,940.440,17.780,1.196,356.200,-0.020,10.231,-0.720,0.952,0.046,18.960,110.860,8.004,2216.800,0.038,11.509,0.320,104.896,0.195,2097.880,4.310,0.352,86.200,-0.042,8.908,-0.920,4.354,0.000,87.320,442,1.43,43.21
25/08/2026,09:15:00,39.500,3.172,790.600,-0.016,11.413,-0.640,33.054,0.048,660.960,14.170,0.944,283.200,-0.028,9.999,-0.600,0.712,0.032,14.560,109.750,7.988,2195.400,0.036,11.450,0.680,102.776,0.191,2055.640,3.980,0.324,79.600,-0.044,8.730,-0.960,4.000,0.000,80.120,441,1.42,43.11
25/08/2026,09:16:00,51.400,4.128,1028.400,-0.028,11.570,-0.520,43.536,0.067,870.800,17.170,1.148,343.400,-0.026,10.180,-0.640,1.264,0.042,25.160,112.450,8.216,2249.400,0.030,11.516,0.520,108.000,0.204,2160.320,4.470,0.360,89.000,-0.046,8.919,-0.880,4.456,0.000,88.920,442,1.43,43.21
25/08/2026,09:17:00,49.790,3.996,995.400,-0.024,11.571,-0.640,43.534,0.067,870.640,16.780,1.132,336.000,-0.026,10.189,-0.800,1.324,0.042,26.640,114.210,8.348,2284.400,0.034,11.535,0.600,114.100,0.218,2282.200,4.720,0.372,93.800,-0.046,8.971,-0.840,4.734,0.000,94.680,442,1.43,43.21
25/08/2026,09:18:00,53.400,4.288,1068.200,-0.036,11.651,-0.640,49.438,0.078,989.000,17.710,1.200,354.400,-0.040,10.264,-0.440,1.510,0.050,30.320,116.220,8.476,2324.600,0.034,11.562,0.720,120.690,0.237,2413.960,4.960,0.392,99.200,-0.040,9.066,-0.880,5.186,0.000,103.600,441,1.42,43.11
25/08/2026,09:19:00,43.960,3.536,879.200,-0.020,11.437,-0.640,35.864,0.055,717.120,14.840,1.008,297.000,-0.038,10.030,-0.440,0.768,0.038,15.280,112.690,8.336,2253.800,0.022,11.462,0.560,115.378,0.224,2307.600,4.460,0.360,89.200,-0.056,8.862,-0.840,4.410,0.000,88.240,440,1.42,43.01
25/08/2026,09:20:00,45.660,3.676,913.400,-0.020,11.489,-0.600,37.526,0.062,750.680,15.560,1.044,311.800,-0.028,10.090,-0.720,0.772,0.043,15.240,114.790,8.420,2296.200,0.018,11.486,0.680,118.682,0.234,2373.640,4.580,0.368,91.400,-0.044,8.894,-0.960,4.522,0.000,90.680,442,1.43,43.21
25/08/2026,09:21:00,45.080,3.624,901.600,-0.028,11.514,-0.760,38.600,0.060,772.240,15.540,1.036,310.400,-0.028,10.116,-0.600,0.882,0.040,17.480,115.270,8.504,2305.600,0.030,11.508,0.600,126.226,0.247,2524.520,4.710,0.380,94.200,-0.032,8.949,-0.720,4.768,0.000,95.240,441,1.42,43.11
25/08/2026,09:22:00,54.260,4.360,1085.200,-0.024,11.587,-0.360,44.142,0.072,882.680,17.910,1.204,358.600,-0.032,10.212,-0.520,1.372,0.046,27.320,117.040,8.776,2340.000,0.030,11.576,0.720,139.614,0.291,2791.880,5.680,0.440,113.200,-0.050,9.161,-0.720,5.518,0.000,110.560,443,1.43,43.30
25/08/2026,09:23:00,34.700,2.796,694.000,-0.018,11.323,-0.800,28.400,0.040,568.080,13.090,0.876,261.800,-0.030,9.876,-0.400,0.734,0.030,14.760,109.300,8.204,2185.400,0.040,11.378,0.640,105.526,0.204,2110.560,4.110,0.340,82.000,-0.052,8.710,-0.960,4.064,0.000,81.400,439,1.42,42.91
25/08/2026,09:24:00,27.180,2.196,543.400,-0.032,11.176,-0.720,22.512,0.028,450.080,11.150,0.736,223.600,-0.020,9.695,-0.560,0.442,0.023,8.720,101.600,7.660,2031.600,0.032,11.276,0.720,88.078,0.164,1761.560,3.530,0.292,70.400,-0.034,8.486,-0.960,3.518,0.000,70.320,436,1.41,42.62
25/08/2026,09:25:00,22.890,1.852,458.200,-0.022,11.070,-0.720,18.988,0.023,379.360,9.850,0.640,197.200,-0.026,9.542,-0.520,0.294,0.017,5.960,93.620,7.056,1871.800,0.022,11.196,0.440,76.676,0.142,1532.920,3.110,0.260,62.200,-0.046,8.292,-1.000,3.086,0.000,61.800,437,1.41,42.72
25/08/2026,09:26:00,21.640,1.748,432.600,-0.032,11.031,-0.600,17.938,0.020,358.680,9.350,0.608,187.200,-0.034,9.496,-0.600,0.278,0.017,5.600,88.880,6.708,1777.800,0.030,11.168,0.840,72.000,0.129,1439.920,2.920,0.244,58.000,-0.048,8.202,-1.120,2.900,0.000,57.840,436,1.41,42.62
25/08/2026,09:27:00,20.750,1.676,415.200,-0.034,11.028,-1.000,17.236,0.021,344.760,9.020,0.584,181.000,-0.022,9.491,-0.800,0.274,0.013,5.200,86.820,6.540,1736.400,0.024,11.150,0.560,70.496,0.126,1410.160,2.790,0.232,55.400,-0.040,8.142,-1.040,2.798,0.000,55.800,436,1.41,42.62
25/08/2026,09:28:00,22.120,1.792,442.800,-0.026,11.080,-0.520,18.448,0.021,368.920,9.620,0.624,192.200,-0.028,9.566,-0.520,0.300,0.017,6.160,93.390,7.048,1867.400,0.030,11.206,0.600,77.478,0.139,1549.680,3.070,0.256,61.400,-0.042,8.287,-0.920,3.076,0.000,61.600,436,1.41,42.62
25/08/2026,09:29:00,25.070,2.028,501.600,-0.032,11.176,-0.520,20.872,0.026,417.920,10.430,0.680,208.000,-0.028,9.654,-0.560,0.338,0.019,6.600,96.520,7.272,1930.000,0.034,11.238,0.760,80.888,0.148,1617.800,3.220,0.268,64.600,-0.046,8.358,-0.880,3.210,0.000,64.120,437,1.41,42.72
25/08/2026,09:30:00,23.540,1.904,470.600,-0.036,11.134,-0.600,19.566,0.024,391.200,9.640,0.628,193.200,-0.038,9.596,-0.680,0.316,0.016,6.200,87.140,6.564,1742.600,0.028,11.173,0.600,70.656,0.127,1412.880,2.800,0.236,56.400,-0.044,8.163,-0.920,2.794,0.000,56.160,437,1.41,42.72
25/08/2026,09:31:00,20.810,1.680,416.000,-0.024,11.044,-0.520,17.278,0.020,345.880,8.740,0.568,175.400,-0.030,9.485,-0.720,0.274,0.013,5.440,80.420,6.064,1609.400,0.028,11.104,0.600,65.294,0.114,1306.040,2.580,0.216,51.400,-0.042,8.034,-1.000,2.574,0.000,51.480,435,1.40,42.52
25/08/2026,09:32:00,24.180,1.956,483.200,-0.026,11.174,-0.760,20.196,0.026,403.960,9.910,0.648,199.200,-0.024,9.647,-0.640,0.330,0.018,6.360,92.740,7.008,1854.400,0.026,11.213,0.640,77.170,0.141,1543.480,3.010,0.256,60.400,-0.052,8.282,-1.080,3.040,0.000,60.760,437,1.41,42.72
25/08/2026,09:33:00,29.480,2.384,590.000,-0.022,11.337,-0.680,24.680,0.035,493.760,12.070,0.792,241.600,-0.030,9.856,-0.600,0.402,0.027,7.960,105.210,7.920,2105.000,0.020,11.351,0.320,95.900,0.180,1918.240,3.780,0.316,75.600,-0.048,8.623,-0.920,3.826,0.000,76.240,440,1.42,43.01
25/08/2026,09:34:00,40.080,3.240,802.200,-0.042,11.518,-0.360,33.558,0.050,670.840,15.290,1.004,305.400,-0.028,10.109,-0.480,0.510,0.039,10.000,113.520,8.540,2269.800,0.026,11.478,0.640,122.974,0.241,2459.720,4.890,0.392,98.600,-0.048,8.975,-0.880,4.922,0.000,98.640,440,1.42,43.01
25/08/2026,09:35:00,41.830,3.376,836.800,-0.028,11.548,-0.520,34.706,0.054,694.240,15.730,1.036,314.600,-0.028,10.155,-0.720,0.526,0.038,10.720,112.320,8.556,2246.200,0.032,11.481,0.680,123.920,0.241,2478.200,5.020,0.400,100.000,-0.052,9.000,-0.920,5.006,0.000,100.040,441,1.42,43.11
25/08/2026,09:36:00,34.950,2.824,699.400,-0.026,11.430,-0.560,29.166,0.042,583.560,13.930,0.908,278.000,-0.032,9.999,-0.680,0.474,0.032,9.520,110.010,8.388,2199.800,0.030,11.439,0.640,110.976,0.212,2219.680,4.440,0.360,89.000,-0.056,8.829,-1.000,4.472,0.000,89.400,441,1.42,43.11
25/08/2026,09:37:00,37.030,2.992,740.200,-0.032,11.456,-0.520,31.014,0.047,620.040,14.380,0.948,288.200,-0.038,10.033,-0.480,0.524,0.034,10.160,111.560,8.464,2231.400,0.028,11.441,0.640,116.524,0.226,2330.480,4.670,0.372,93.200,-0.046,8.882,-0.800,4.674,0.000,93.320,440,1.42,43.01
25/08/2026,09:38:00,48.800,3.936,975.400,-0.028,11.611,-0.440,40.746,0.072,814.920,17.010,1.132,339.800,-0.032,10.212,-0.400,1.046,0.049,20.760,115.340,8.748,2306.600,0.026,11.542,0.520,142.550,0.302,2850.560,5.640,0.436,112.800,-0.044,9.162,-0.760,5.646,0.000,112.920,443,1.43,43.30
25/08/2026,09:39:00,60.010,4.820,1200.200,-0.040,11.723,-0.240,50.442,0.087,1009.200,19.040,1.288,380.200,-0.022,10.324,-0.640,1.094,0.056,21.680,116.920,8.896,2339.000,0.036,11.628,0.720,164.352,0.369,3286.600,6.730,0.504,134.400,-0.050,9.382,-0.960,6.552,0.000,131.240,445,1.44,43.50
25/08/2026,09:40:00,66.640,5.356,1333.800,-0.032,11.758,-0.400,55.544,0.091,1110.600,20.140,1.368,402.400,-0.030,10.370,-0.440,1.170,0.056,23.320,115.610,8.916,2311.400,0.032,11.629,0.680,159.806,0.310,3196.280,6.910,0.512,137.800,-0.056,9.424,-0.880,6.824,0.000,136.560,445,1.44,43.50
25/08/2026,09:41:00,60.810,4.888,1216.200,-0.026,11.714,-0.560,53.330,0.086,1066.640,18.520,1.264,369.800,-0.018,10.300,-0.640,1.948,0.048,38.960,113.800,8.868,2276.000,0.028,11.599,0.720,161.892,0.311,3237.760,6.190,0.468,123.600,-0.046,9.328,-0.800,6.588,0.000,131.760,444,1.43,43.40
25/08/2026,09:42:00,86.970,6.956,1740.000,-0.030,11.866,-0.600,73.722,0.121,1474.400,23.550,1.636,471.200,-0.036,10.501,-0.360,2.574,0.061,51.640,114.760,8.944,2295.600,0.024,11.602,0.760,143.968,0.270,2879.640,7.640,0.560,152.600,-0.044,9.602,-0.960,7.664,0.000,153.320,447,1.44,43.70
25/08/2026,09:43:00,92.100,7.344,1841.400,-0.030,11.880,-0.360,79.278,0.131,1585.640,24.470,1.708,489.800,-0.016,10.502,-0.400,1.550,0.068,31.280,115.160,8.972,2303.800,0.024,11.585,0.560,147.800,0.276,2955.200,8.040,0.584,160.400,-0.036,9.623,-0.920,7.812,0.000,156.040,447,1.44,43.70
25/08/2026,09:44:00,90.880,7.256,1817.800,-0.020,11.847,-0.640,77.194,0.132,1543.760,24.350,1.676,487.000,-0.024,10.455,-0.560,1.352,0.069,27.120,117.390,9.144,2347.400,0.036,11.728,0.640,246.280,0.533,4924.280,9.660,0.680,193.000,-0.046,9.794,-0.800,9.502,0.000,190.160,448,1.45,43.79
25/08/2026,09:45:00,90.660,7.240,1812.400,-0.032,11.817,-0.480,76.122,0.127,1522.400,24.000,1.652,479.600,-0.034,10.414,-0.440,4.250,0.055,85.120,117.080,8.876,0.000,0.024,11.565,0.520,163.620,0.313,3273.600,8.740,0.624,174.200,-0.044,9.560,-1.000,8.832,0.000,176.680,446,1.44,43.60
25/08/2026,09:46:00,89.550,7.168,1790.600,-0.028,11.778,-0.600,74.840,0.124,1496.680,22.470,1.624,449.600,-0.032,10.314,-0.440,4.864,0.052,97.120,114.220,8.904,2284.600,0.030,11.498,0.640,148.302,0.279,2965.760,9.000,0.640,179.800,-0.042,9.593,-0.880,8.862,0.000,177.240,446,1.44,43.60
25/08/2026,09:47:00,91.440,7.328,1828.800,-0.024,11.770,-0.640,78.566,0.131,1571.600,22.820,1.676,456.200,-0.032,10.310,-0.600,5.108,0.055,102.040,115.460,8.972,2309.000,0.016,11.501,0.600,168.778,0.324,3375.240,9.850,0.688,196.600,-0.048,9.647,-1.040,9.536,0.000,190.960,446,1.44,43.60
25/08/2026,09:48:00,92.190,7.368,1843.600,-0.036,11.746,-0.320,81.890,0.138,1637.720,23.380,1.692,467.800,-0.024,10.369,-0.480,5.364,0.057,107.320,115.850,9.028,2317.000,0.034,11.526,0.480,215.526,0.482,4311.560,10.520,0.732,209.800,-0.042,9.721,-0.880,10.266,0.001,205.200,447,1.44,43.70
25/08/2026,09:49:00,91.760,7.348,1835.200,-0.034,11.731,-0.520,81.342,0.142,1626.560,23.190,1.688,463.400,-0.036,10.344,-0.160,4.710,0.062,94.080,115.300,8.952,2306.600,0.028,11.501,0.600,229.394,0.521,4588.120,10.200,0.716,205.000,-0.044,9.673,-0.880,10.460,0.002,209.440,444,1.43,43.40
25/08/2026,09:50:00,92.100,7.376,1841.400,-0.032,11.740,-0.480,81.738,0.135,1634.680,23.690,1.708,473.200,-0.036,10.338,-0.480,4.714,0.061,94.400,114.570,8.864,0.000,0.032,11.448,0.640,138.848,0.261,2776.680,9.530,0.672,190.800,-0.040,9.585,-0.960,9.442,0.000,188.800,445,1.44,43.50
25/08/2026,09:51:00,91.030,7.300,1820.600,-0.026,11.682,-0.640,78.532,0.130,1570.560,22.860,1.648,457.600,-0.016,10.283,-0.480,4.056,0.058,80.880,113.160,8.868,2263.000,0.038,11.435,0.560,135.268,0.254,2705.120,9.460,0.664,188.800,-0.040,9.540,-0.760,9.238,0.000,184.560,445,1.44,43.50
25/08/2026,09:52:00,90.460,7.252,1809.000,-0.030,11.642,-0.800,78.060,0.133,1561.160,23.080,1.648,461.000,-0.032,10.275,-0.600,3.596,0.061,71.520,113.380,8.880,2267.600,0.032,11.410,0.480,205.724,0.420,4113.520,9.590,0.672,192.000,-0.044,9.534,-0.720,9.588,0.000,191.880,446,1.44,43.60
25/08/2026,09:53:00,90.430,7.256,1808.800,-0.026,11.616,-0.320,79.458,0.140,1589.120,23.350,1.660,467.400,-0.032,10.238,-0.560,2.756,0.068,55.040,113.970,8.884,2279.200,0.032,11.402,0.720,236.350,0.538,4727.479,10.590,0.732,211.600,-0.042,9.590,-0.840,10.656,0.002,212.800,444,1.43,43.40
25/08/2026,09:54:00,90.580,7.260,1811.600,-0.032,11.600,-0.440,80.602,0.140,1612.040,23.780,1.668,475.400,-0.026,10.238,-0.520,2.194,0.070,43.880,116.390,8.896,2327.800,0.042,11.393,0.400,274.140,0.617,5481.520,11.290,0.776,225.800,-0.044,9.621,-0.800,11.302,0.003,226.400,445,1.44,43.50
25/08/2026,09:55:00,90.590,7.248,1811.800,-0.026,11.576,-0.440,81.070,0.141,1621.240,24.180,1.676,484.000,-0.034,10.229,-0.440,0.748,0.076,15.200,115.520,8.872,2310.200,0.030,11.339,0.880,255.712,0.606,5111.520,11.550,0.792,230.800,-0.042,9.604,-0.760,11.458,0.003,229.240,443,1.43,43.30
25/08/2026,09:56:00,90.530,7.232,1810.200,-0.024,11.562,-0.680,81.096,0.142,1622.080,24.690,1.676,493.600,-0.028,10.213,-0.480,0.594,0.075,11.920,115.640,8.912,2313.000,0.040,11.377,0.680,245.914,0.605,4918.000,11.950,0.816,239.200,-0.040,9.627,-0.760,11.918,0.004,238.680,443,1.43,43.30
25/08/2026,09:57:00,90.130,7.208,1802.200,-0.032,11.532,-0.560,80.908,0.141,1618.200,24.680,1.668,493.400,-0.028,10.196,-0.640,0.700,0.074,13.960,114.500,8.868,2290.000,0.030,11.322,0.880,240.746,0.588,4815.000,11.980,0.812,239.400,-0.056,9.609,-0.760,11.930,0.004,238.720,444,1.43,43.40
25/08/2026,09:58:00,90.170,7.204,1804.000,-0.036,11.530,-0.400,81.534,0.142,1630.720,24.750,1.664,494.600,-0.030,10.191,-0.560,0.686,0.076,13.400,114.010,8.864,0.000,0.028,11.312,0.520,238.840,0.601,4777.280,12.190,0.828,243.600,-0.038,9.619,-0.760,12.222,0.005,244.840,443,1.43,43.30
25/08/2026,09:59:00,90.660,7.256,1813.600,-0.028,11.574,-0.960,83.176,0.146,1663.080,25.200,1.696,504.000,-0.024,10.217,-0.480,1.046,0.075,20.720,114.280,8.884,2284.800,0.048,11.332,0.760,244.452,0.612,4888.600,12.520,0.848,250.400,-0.038,9.648,-0.680,12.504,0.003,250.520,443,1.43,43.30
25/08/2026,10:00:00,89.760,7.184,1795.200,-0.030,11.533,-0.720,80.254,0.140,1605.120,24.610,1.660,492.200,-0.020,10.187,-0.680,0.938,0.074,18.520,113.980,8.852,2280.400,0.026,11.303,0.720,240.320,0.606,4805.960,12.350,0.836,246.600,-0.046,9.622,-1.120,12.370,0.006,247.400,441,1.42,43.11
25/08/2026,10:01:00,89.150,7.128,1782.600,-0.018,11.505,-0.400,76.734,0.131,1534.640,24.940,1.676,499.400,-0.028,10.178,-0.560,2.214,0.068,44.360,113.970,8.860,2279.000,0.026,11.256,0.480,243.786,0.617,4875.880,12.580,0.852,251.400,-0.040,9.598,-0.880,12.588,0.002,251.800,441,1.42,43.11
25/08/2026,10:02:00,88.160,7.052,1763.400,-0.030,11.562,-0.440,75.104,0.130,1502.280,24.560,1.680,491.400,-0.030,10.215,-0.520,2.836,0.066,57.040,114.200,8.920,2284.200,0.034,11.296,0.520,245.700,0.625,4914.479,12.620,0.852,253.600,-0.050,9.608,-0.960,12.628,0.002,252.640,442,1.43,43.21
25/08/2026,10:03:00,81.220,6.496,1624.200,-0.030,11.512,-0.640,69.532,0.120,1390.560,24.410,1.676,488.800,-0.028,10.161,-0.480,1.820,0.072,36.640,113.590,8.880,2271.600,0.036,11.234,0.520,244.426,0.630,4887.680,12.730,0.856,254.400,-0.042,9.574,-0.920,12.720,0.002,254.240,446,1.44,43.60
25/08/2026,10:04:00,78.480,6.280,1569.600,-0.018,11.483,-0.600,66.658,0.114,1333.280,24.690,1.652,494.200,-0.032,10.169,-0.720,1.738,0.070,35.000,113.170,8.872,0.000,0.032,11.215,0.520,239.766,0.614,4793.960,12.580,0.852,252.000,-0.034,9.549,-0.640,12.596,0.002,251.680,441,1.42,43.11
25/08/2026,10:05:00,76.060,6.088,1521.600,-0.042,11.482,-0.640,64.856,0.110,1297.240,24.490,1.636,490.200,-0.024,10.146,-0.400,2.166,0.068,43.280,113.650,8.880,2273.000,0.024,11.224,0.440,234.626,0.600,4693.240,12.430,0.840,248.800,-0.044,9.529,-0.960,12.442,0.002,248.800,443,1.43,43.30
25/08/2026,10:06:00,71.900,5.756,1438.000,-0.026,11.466,-0.760,61.476,0.102,1229.280,23.850,1.596,476.400,-0.020,10.136,-0.640,1.784,0.066,35.680,113.340,8.840,0.000,0.028,11.180,0.640,226.774,0.581,4535.720,12.090,0.820,241.600,-0.040,9.485,-1.120,12.084,0.001,241.480,441,1.42,43.11
25/08/2026,10:07:00,70.770,5.672,1415.200,-0.022,11.442,-0.440,61.002,0.104,1220.120,24.100,1.600,480.800,-0.032,10.099,-0.360,1.610,0.068,31.920,113.070,8.852,0.000,0.022,11.175,0.720,229.868,0.583,4597.640,12.240,0.824,243.800,-0.042,9.478,-0.800,12.232,0.002,244.760,441,1.42,43.11
25/08/2026,10:08:00,69.620,5.580,1392.000,-0.044,11.472,-0.640,59.836,0.102,1197.000,24.310,1.608,486.400,-0.026,10.094,-0.320,1.582,0.068,31.800,113.370,8.860,0.000,0.018,11.180,0.440,231.242,0.586,4626.520,12.280,0.828,245.800,-0.048,9.485,-0.760,12.268,0.000,245.480,440,1.42,43.01
25/08/2026,10:09:00,68.800,5.512,1376.600,-0.024,11.432,-0.520,59.238,0.100,1184.920,24.190,1.600,484.000,-0.030,10.098,-0.520,1.326,0.069,26.440,112.660,8.816,2253.600,0.026,11.126,0.640,233.344,0.585,4667.520,12.230,0.828,244.800,-0.042,9.457,-0.840,12.236,0.000,244.720,439,1.42,42.91
25/08/2026,10:10:00,68.670,5.504,1373.800,-0.034,11.445,-0.280,59.560,0.100,1191.160,24.230,1.592,484.800,-0.018,10.098,-0.400,1.012,0.070,20.360,113.490,8.848,0.000,0.024,11.170,0.680,232.716,0.580,4655.200,12.090,0.816,241.400,-0.050,9.453,-0.840,12.138,0.000,242.800,440,1.42,43.01
25/08/2026,10:11:00,68.580,5.496,1371.600,-0.018,11.455,-0.640,59.200,0.101,1184.360,24.280,1.592,486.000,-0.034,10.122,-0.680,1.022,0.070,20.160,113.600,8.864,2272.400,0.022,11.184,0.600,235.462,0.582,4710.200,12.120,0.820,242.600,-0.032,9.444,-0.560,12.112,0.001,242.440,440,1.42,43.01
25/08/2026,10:12:00,67.640,5.420,1352.400,-0.026,11.428,-0.840,58.490,0.099,1169.680,24.200,1.580,483.800,-0.024,10.111,-0.320,0.934,0.069,18.840,112.840,8.800,0.000,0.030,11.102,0.520,235.514,0.583,4710.880,11.990,0.812,240.000,-0.038,9.429,-1.000,11.970,0.000,239.760,440,1.42,43.01
25/08/2026,10:13:00,67.870,5.440,1357.800,-0.030,11.406,-0.520,58.898,0.098,1178.000,24.130,1.580,483.800,-0.030,10.097,-0.720,0.982,0.068,19.840,112.050,8.780,2240.800,0.024,11.076,0.680,225.882,0.560,4518.400,11.840,0.804,237.200,-0.044,9.409,-0.840,11.852,0.000,237.160,440,1.42,43.01
25/08/2026,10:14:00,67.890,5.440,1358.000,-0.026,11.384,-0.760,58.980,0.098,1179.520,24.100,1.576,482.400,-0.028,10.070,-0.560,0.964,0.068,19.120,111.580,8.756,2231.600,0.022,11.048,0.600,211.048,0.522,4220.800,11.580,0.784,231.400,-0.040,9.363,-1.040,11.588,0.000,231.600,439,1.42,42.91
25/08/2026,10:15:00,68.200,5.464,1363.400,-0.026,11.356,-0.640,59.354,0.098,1186.920,24.140,1.576,482.400,-0.034,10.047,-0.520,1.034,0.066,20.600,110.680,8.740,0.000,0.032,11.036,0.600,201.126,0.482,4022.160,11.400,0.772,227.400,-0.054,9.332,-0.800,11.370,0.000,227.600,440,1.42,43.01
25/08/2026,10:16:00,68.560,5.492,1371.000,-0.032,11.362,-0.560,59.884,0.100,1197.600,24.230,1.584,484.400,-0.036,10.066,-0.560,1.364,0.066,27.160,109.740,8.728,2194.400,0.028,11.022,0.680,194.200,0.452,3884.000,11.190,0.768,224.600,-0.042,9.318,-0.720,11.234,0.000,224.480,439,1.42,42.91
25/08/2026,10:17:00,69.460,5.568,1388.800,-0.044,11.368,-0.720,60.614,0.101,1212.440,24.280,1.600,485.800,-0.028,10.036,-0.680,1.360,0.068,27.400,109.470,8.748,2189.000,0.028,11.043,0.320,190.104,0.439,3801.480,11.040,0.756,221.200,-0.040,9.310,-0.960,11.042,0.000,221.040,440,1.42,43.01
25/08/2026,10:18:00,69.980,5.612,1400.400,-0.036,11.392,-0.640,61.140,0.101,1222.760,24.400,1.604,488.200,-0.020,10.073,-0.560,1.192,0.070,23.640,109.270,8.740,2185.400,0.022,11.040,0.800,190.822,0.440,3816.160,10.880,0.748,217.800,-0.052,9.314,-0.680,10.890,0.000,217.920,440,1.42,43.01
25/08/2026,10:19:00,69.590,5.580,1392.000,-0.026,11.370,-0.720,61.190,0.102,1223.760,24.360,1.596,487.200,-0.030,10.066,-0.520,0.850,0.070,16.480,109.130,8.732,2182.200,0.026,11.026,0.560,196.694,0.459,3933.600,10.710,0.736,213.800,-0.042,9.289,-0.840,10.684,0.000,214.040,440,1.42,43.01
25/08/2026,10:20:00,68.930,5.520,1378.600,-0.032,11.340,-0.640,60.676,0.102,1213.480,23.910,1.564,478.600,-0.022,10.033,-0.600,0.946,0.069,18.760,108.850,8.712,2177.200,0.030,11.006,0.640,202.296,0.476,4045.400,10.280,0.708,205.600,-0.046,9.240,-0.840,10.288,0.000,205.960,440,1.42,43.01
25/08/2026,10:21:00,70.390,5.644,1407.600,-0.020,11.335,-0.640,61.902,0.103,1238.040,24.080,1.580,481.400,-0.030,10.018,-0.520,0.882,0.070,17.800,108.780,8.700,2175.000,0.024,10.990,0.680,216.640,0.535,4332.160,10.260,0.712,205.400,-0.038,9.222,-0.640,10.230,0.000,204.520,440,1.42,43.01
25/08/2026,10:22:00,70.650,5.660,1413.000,-0.016,11.335,-0.800,62.018,0.104,1240.440,23.870,1.564,477.400,-0.026,9.990,-0.560,0.880,0.069,17.560,109.630,8.676,2192.000,0.034,10.969,0.440,209.568,0.518,4190.640,10.020,0.696,200.600,-0.036,9.188,-1.040,9.980,0.000,199.480,439,1.42,42.91
25/08/2026,10:23:00,71.660,5.744,1433.400,-0.034,11.332,-0.640,63.202,0.107,1264.240,24.440,1.604,489.200,-0.036,10.039,-0.480,1.112,0.070,22.360,109.700,8.688,0.000,0.032,10.981,0.640,217.240,0.546,4344.360,10.160,0.704,204.000,-0.046,9.210,-0.640,10.196,0.000,203.960,440,1.42,43.01
25/08/2026,10:24:00,70.350,5.628,1407.000,-0.038,11.338,-0.520,62.014,0.105,1240.280,24.170,1.588,483.600,-0.016,10.006,-0.760,1.104,0.070,21.680,110.300,8.676,0.000,0.036,10.968,0.440,218.128,0.550,4362.160,10.000,0.692,199.800,-0.030,9.182,-0.880,9.978,0.000,199.680,439,1.42,42.91
25/08/2026,10:25:00,68.690,5.496,1374.000,-0.030,11.314,-0.640,60.690,0.101,1213.760,23.920,1.568,478.400,-0.030,9.994,-0.560,1.114,0.070,22.320,110.490,8.668,2210.000,0.036,10.959,0.600,223.060,0.573,4460.560,9.810,0.680,196.200,-0.050,9.166,-0.840,9.810,0.000,196.200,439,1.42,42.91
25/08/2026,10:26:00,69.500,5.560,1390.200,-0.036,11.339,-0.600,61.342,0.104,1226.560,24.720,1.620,494.200,-0.026,10.029,-0.440,1.142,0.073,22.960,110.720,8.668,0.000,0.026,10.950,0.560,252.218,0.651,5044.360,10.100,0.700,202.000,-0.046,9.206,-0.880,10.100,0.001,201.760,440,1.42,43.01
25/08/2026,10:27:00,68.910,5.512,1378.000,-0.038,11.311,-0.520,60.710,0.104,1214.200,24.680,1.612,493.400,-0.032,9.994,-0.520,1.918,0.070,38.360,110.380,8.648,0.000,0.030,10.937,0.760,247.436,0.640,4947.720,9.930,0.692,198.800,-0.044,9.178,-0.720,9.930,0.000,198.560,439,1.42,42.91
25/08/2026,10:28:00,68.990,5.516,1379.400,-0.034,11.335,-0.720,60.934,0.103,1218.720,24.360,1.612,487.600,-0.036,10.020,-0.680,3.324,0.065,66.480,110.070,8.644,2202.200,0.032,10.930,0.640,240.938,0.610,4818.920,9.840,0.684,196.200,-0.040,9.166,-0.800,9.810,0.000,196.360,440,1.42,43.01
25/08/2026,10:29:00,69.400,5.540,1387.400,-0.022,11.314,-0.800,61.274,0.104,1225.440,23.990,1.620,479.600,-0.030,9.998,-0.560,3.966,0.064,79.560,110.360,8.632,2206.600,0.028,10.921,0.560,237.416,0.595,4748.040,9.740,0.676,195.200,-0.042,9.158,-0.840,9.692,0.000,193.600,439,1.42,42.91
25/08/2026,10:30:00,69.940,5.580,1399.400,-0.028,11.334,-0.680,61.758,0.105,1235.120,23.750,1.620,475.800,-0.032,9.992,-0.560,2.970,0.068,59.360,110.120,8.640,0.000,0.030,10.925,0.600,240.496,0.596,4809.000,9.640,0.676,193.400,-0.044,9.150,-0.600,9.650,0.000,192.960,440,1.42,43.01
25/08/2026,10:31:00,70.390,5.624,1407.800,-0.040,11.322,-0.560,62.092,0.106,1241.840,24.420,1.640,488.400,-0.032,10.003,-0.480,2.364,0.070,47.120,110.190,8.620,0.000,0.016,10.914,0.760,250.976,0.630,5019.560,9.730,0.676,194.000,-0.036,9.153,-1.000,9.694,0.000,194.040,439,1.42,42.91
25/08/2026,10:32:00,71.230,5.692,1424.800,-0.032,11.313,-0.720,62.744,0.107,1254.560,24.840,1.656,496.600,-0.032,10.013,-0.640,1.920,0.074,38.600,109.660,8.612,2192.600,0.022,10.905,0.720,254.928,0.628,5098.560,9.740,0.680,194.800,-0.040,9.149,-0.880,9.702,0.001,194.000,440,1.42,43.01
25/08/2026,10:33:00,71.600,5.716,1432.600,-0.034,11.322,-0.640,63.128,0.109,1262.880,25.100,1.660,502.000,-0.036,10.004,-0.720,4.296,0.064,85.960,109.620,8.632,2192.800,0.022,10.926,0.400,239.606,0.585,4792.680,9.710,0.676,194.200,-0.038,9.139,-1.040,9.722,0.000,194.360,440,1.42,43.01
25/08/2026,10:34:00,72.550,5.796,1450.800,-0.042,11.321,-0.600,64.036,0.109,1280.600,24.460,1.676,489.000,-0.020,10.000,-0.520,4.694,0.063,94.040,109.760,8.612,0.000,0.032,10.906,0.480,231.114,0.556,4622.400,9.730,0.676,194.800,-0.044,9.135,-0.600,9.736,0.000,194.560,439,1.42,42.91
25/08/2026,10:35:00,71.340,5.700,1426.200,-0.028,11.286,-0.520,62.904,0.106,1257.920,23.700,1.636,473.600,-0.034,9.976,-0.720,4.030,0.063,80.680,109.400,8.608,0.000,0.016,10.900,0.760,220.124,0.514,4402.480,9.290,0.656,186.400,-0.036,9.083,-0.760,9.338,0.000,186.680,440,1.42,43.01
25/08/2026,10:36:00,70.130,5.600,1402.400,-0.024,11.281,-0.520,61.968,0.103,1239.200,24.000,1.636,479.600,-0.024,9.970,-0.440,3.496,0.066,69.720,108.750,8.600,2175.000,0.026,10.891,0.320,222.628,0.518,4451.440,9.230,0.648,184.000,-0.034,9.070,-0.760,9.220,0.000,184.520,441,1.42,43.11
25/08/2026,10:37:00,69.840,5.580,1397.000,-0.036,11.302,-0.440,61.624,0.103,1232.360,24.540,1.656,490.600,-0.030,9.969,-0.560,3.244,0.068,65.040,108.760,8.608,2175.800,0.036,10.894,0.640,224.172,0.524,4482.280,9.170,0.644,183.600,-0.036,9.076,-1.080,9.184,0.000,183.640,439,1.42,42.91
25/08/2026,10:38:00,70.120,5.600,1402.200,-0.020,11.300,-0.520,61.980,0.104,1239.600,24.880,1.672,496.800,-0.030,9.965,-0.600,2.560,0.072,51.120,108.560,8.604,2171.200,0.040,10.886,0.480,216.412,0.486,4326.920,9.240,0.652,184.600,-0.052,9.083,-0.880,9.240,0.000,184.680,439,1.42,42.91
25/08/2026,10:39:00,70.820,5.656,1415.800,-0.028,11.284,-0.520,62.634,0.106,1252.760,25.220,1.680,504.600,-0.026,9.964,-0.360,2.024,0.073,40.480,107.960,8.596,2159.800,0.022,10.882,0.640,206.410,0.442,4128.000,9.380,0.656,187.000,-0.046,9.068,-0.800,9.404,0.000,187.800,439,1.42,42.91
25/08/2026,10:40:00,72.010,5.756,1440.000,-0.028,11.288,-0.640,63.814,0.106,1276.080,25.460,1.680,510.200,-0.040,9.961,-0.400,2.536,0.070,50.560,107.100,8.584,0.000,0.038,10.871,0.560,189.718,0.396,3793.960,9.290,0.648,186.200,-0.050,9.057,-1.040,9.318,0.000,186.360,440,1.42,43.01
25/08/2026,10:41:00,73.310,5.856,1466.200,-0.038,11.298,-0.920,65.102,0.107,1302.160,25.390,1.692,508.000,-0.032,9.973,-0.680,1.668,0.072,33.280,106.960,8.580,2139.400,0.022,10.873,0.640,174.520,0.358,3490.200,9.420,0.656,187.600,-0.028,9.065,-0.960,9.452,0.000,188.600,439,1.42,42.91
25/08/2026,10:42:00,73.830,5.888,1477.000,-0.032,11.268,-0.440,65.610,0.108,1312.160,25.480,1.680,509.600,-0.020,9.958,-0.600,1.494,0.071,29.880,106.670,8.556,2133.800,0.020,10.857,0.480,155.286,0.313,3105.760,9.460,0.660,189.800,-0.048,9.050,-0.800,9.506,0.000,190.240,440,1.42,43.01
25/08/2026,10:43:00,75.220,6.004,1504.800,-0.034,11.275,-0.520,67.032,0.109,1340.360,25.620,1.688,512.400,-0.030,9.965,-0.520,1.412,0.073,28.560,106.640,8.556,2133.200,0.030,10.870,0.680,142.012,0.283,2840.120,9.690,0.672,193.400,-0.046,9.065,-0.640,9.748,0.000,195.040,440,1.42,43.01
25/08/2026,10:44:00,76.150,6.080,1523.400,-0.026,11.270,-0.720,67.622,0.110,1352.240,25.330,1.668,506.200,-0.030,9.963,-0.640,1.418,0.071,28.720,106.560,8.548,2130.400,0.042,10.878,0.560,132.938,0.262,2658.840,9.670,0.676,194.000,-0.038,9.054,-0.760,9.730,0.000,194.520,440,1.42,43.01
25/08/2026,10:45:00,76.300,6.088,1525.400,-0.018,11.270,-0.600,67.488,0.110,1349.720,24.610,1.628,491.600,-0.026,9.940,-0.640,1.322,0.067,26.440,105.840,8.488,2117.400,0.020,10.834,0.760,129.074,0.253,2581.280,9.450,0.660,188.800,-0.040,9.022,-1.160,9.456,0.000,188.960,440,1.42,43.01
25/08/2026,10:46:00,76.730,6.124,1534.600,-0.022,11.260,-0.680,68.054,0.111,1360.680,24.060,1.600,481.000,-0.026,9.930,-0.560,1.222,0.067,24.360,105.750,8.476,2115.200,0.036,10.846,0.440,131.818,0.259,2636.480,9.200,0.648,184.400,-0.046,9.018,-0.960,9.320,0.000,186.400,440,1.42,43.01
25/08/2026,10:47:00,79.770,6.364,1595.400,-0.038,11.269,-0.600,71.148,0.116,1422.920,24.520,1.628,490.200,-0.024,9.959,-0.480,1.244,0.068,24.800,105.600,8.460,2111.400,0.028,10.828,0.640,140.558,0.279,2811.240,9.440,0.660,188.600,-0.036,9.028,-1.000,9.478,0.000,189.360,440,1.42,43.01
25/08/2026,10:48:00,84.610,6.736,1692.400,-0.026,11.301,-0.520,76.188,0.126,1523.760,25.120,1.676,502.200,-0.020,9.984,-0.680,1.326,0.070,26.600,105.830,8.472,2116.800,0.032,10.844,0.400,137.058,0.271,2741.080,9.850,0.680,195.800,-0.038,9.060,-0.760,9.866,0.000,197.520,441,1.42,43.11
25/08/2026,10:49:00,86.040,6.868,1720.400,-0.026,11.346,-0.680,77.826,0.130,1556.840,25.520,1.720,510.200,-0.040,10.018,-0.440,1.350,0.070,26.800,106.460,8.540,2129.400,0.036,10.907,0.840,133.818,0.264,2676.320,10.140,0.708,202.400,-0.054,9.108,-0.720,10.218,0.000,204.480,440,1.42,43.01
25/08/2026,10:50:00,86.370,6.904,1728.400,-0.036,11.338,-0.320,78.850,0.133,1576.920,26.710,1.796,533.800,-0.020,10.055,-0.480,1.544,0.075,30.680,106.120,8.512,2122.600,0.032,10.847,0.680,139.822,0.278,2796.480,10.910,0.748,218.400,-0.040,9.157,-0.760,10.994,0.000,219.840,440,1.42,43.01
25/08/2026,10:51:00,82.360,6.572,1647.200,-0.028,11.347,-0.720,74.870,0.124,1497.360,27.100,1.808,542.200,-0.020,10.043,-0.760,1.556,0.078,30.960,106.420,8.536,2128.400,0.024,10.861,0.520,147.260,0.295,2944.920,11.330,0.776,226.800,-0.048,9.174,-0.800,11.406,0.000,228.400,440,1.42,43.01
25/08/2026,10:52:00,75.800,6.056,1516.000,-0.026,11.303,-0.840,68.204,0.114,1363.840,26.640,1.768,533.000,-0.034,10.022,-0.520,3.064,0.069,61.000,106.130,8.508,2122.400,0.022,10.822,0.520,151.212,0.302,3024.240,11.350,0.772,226.800,-0.040,9.120,-0.520,11.272,0.000,225.560,439,1.42,42.91
25/08/2026,10:53:00,68.240,5.456,1364.200,-0.034,11.247,-0.400,60.872,0.100,1217.640,24.220,1.632,484.200,-0.036,9.938,-0.520,2.362,0.066,47.240,105.680,8.476,2114.200,0.018,10.796,0.520,146.360,0.292,2927.360,9.960,0.692,199.400,-0.048,8.982,-0.880,9.940,0.000,198.920,439,1.42,42.91
25/08/2026,10:54:00,73.200,5.852,1464.400,-0.022,11.320,-0.760,66.520,0.110,1330.520,25.970,1.732,518.800,-0.032,10.008,-0.640,2.000,0.076,40.120,106.660,8.560,2133.600,0.030,10.878,0.320,153.212,0.307,3064.240,10.910,0.744,218.400,-0.038,9.098,-0.880,10.982,0.000,219.800,440,1.42,43.01
25/08/2026,10:55:00,63.510,5.080,1270.600,-0.018,11.196,-0.280,53.992,0.087,1079.840,22.390,1.488,447.600,-0.024,9.838,-0.640,0.916,0.062,18.280,104.850,8.404,2097.200,0.022,10.733,0.480,135.740,0.267,2715.040,8.700,0.612,173.800,-0.044,8.774,-0.760,8.422,0.000,168.400,439,1.42,42.91
25/08/2026,10:56:00,49.950,3.996,999.200,-0.034,11.074,-0.600,42.266,0.065,845.320,18.790,1.224,376.000,-0.022,9.694,-0.600,0.792,0.048,16.000,103.360,8.272,2067.800,0.020,10.664,0.600,126.416,0.247,2528.240,6.950,0.508,138.800,-0.032,8.502,-0.920,6.942,0.000,139.080,437,1.41,42.72
25/08/2026,10:57:00,53.540,4.292,1070.800,-0.032,11.218,-0.520,45.646,0.073,913.000,19.820,1.308,396.600,-0.028,9.822,-0.400,0.904,0.051,18.280,105.630,8.444,2112.800,0.028,10.845,0.560,131.110,0.256,2622.120,7.570,0.548,151.200,-0.038,8.687,-0.680,7.564,0.000,151.400,439,1.42,42.91
25/08/2026,10:58:00,60.100,4.820,1202.200,-0.026,11.282,-0.560,51.548,0.083,1030.640,21.810,1.432,436.200,-0.030,9.903,-0.800,0.950,0.057,19.000,106.010,8.480,2120.200,0.036,10.863,0.600,139.794,0.277,2796.120,8.310,0.592,166.200,-0.054,8.818,-0.800,8.296,0.000,166.000,439,1.42,42.91
25/08/2026,10:59:00,64.510,5.168,1289.800,-0.046,11.299,-0.560,53.648,0.087,1073.080,23.020,1.516,460.400,-0.022,9.947,-0.640,0.968,0.063,19.560,105.740,8.472,2115.400,0.036,10.826,0.680,143.868,0.286,2877.160,8.770,0.616,175.400,-0.046,8.884,-0.840,8.558,0.000,171.240,439,1.42,42.91
25/08/2026,11:00:00,56.270,4.508,1126.000,-0.034,11.260,-0.520,47.384,0.076,947.440,21.050,1.380,421.400,-0.034,9.876,-0.720,0.862,0.054,17.400,105.080,8.416,2101.800,0.030,10.797,0.400,137.490,0.271,2749.720,7.880,0.564,156.800,-0.048,8.744,-0.680,7.762,0.000,155.080,438,1.41,42.82
25/08/2026,11:01:00,46.070,3.692,921.600,-0.030,11.141,-0.480,39.228,0.062,784.560,18.040,1.172,360.800,-0.028,9.747,-0.680,0.712,0.044,14.400,103.730,8.300,2076.200,0.022,10.752,0.520,123.944,0.240,2478.800,6.630,0.492,132.200,-0.046,8.526,-0.920,6.612,0.000,132.240,437,1.41,42.72
25/08/2026,11:02:00,37.610,3.024,752.800,-0.024,11.042,-0.720,32.096,0.047,642.280,15.340,0.996,306.800,-0.032,9.628,-0.520,0.608,0.034,12.240,101.460,8.120,2028.800,0.028,10.684,0.440,109.430,0.211,2188.480,5.370,0.416,108.200,-0.036,8.261,-0.920,5.380,0.000,107.760,435,1.40,42.52
25/08/2026,11:03:00,38.570,3.104,770.800,-0.030,11.083,-0.640,32.978,0.048,659.600,15.590,1.024,312.000,-0.030,9.657,-0.720,0.624,0.034,12.320,102.270,8.176,2045.600,0.026,10.737,0.400,111.954,0.216,2239.160,5.520,0.424,110.400,-0.038,8.352,-0.840,5.546,0.000,111.040,436,1.41,42.62
25/08/2026,11:04:00,48.410,3.892,968.000,-0.020,11.242,-0.640,41.552,0.065,831.160,18.540,1.220,371.000,-0.030,9.839,-0.440,0.764,0.046,15.160,105.270,8.432,2105.800,0.024,10.882,0.640,130.014,0.254,2600.280,6.970,0.512,139.400,-0.040,8.698,-0.920,7.004,0.000,140.120,437,1.41,42.72
25/08/2026,11:05:00,59.810,4.800,1196.200,-0.036,11.366,-0.760,50.884,0.084,1017.600,21.480,1.420,429.600,-0.040,9.974,-0.520,0.878,0.054,17.600,107.330,8.604,2146.800,0.032,11.020,0.720,143.098,0.284,2862.160,8.350,0.596,165.800,-0.036,8.966,-0.880,8.300,0.000,166.440,438,1.41,42.82
25/08/2026,11:06:00,70.360,5.636,1406.600,-0.018,11.454,-0.520,60.076,0.098,1201.640,23.650,1.568,473.600,-0.026,10.064,-0.600,1.096,0.064,22.360,107.870,8.640,2157.000,0.032,11.037,0.840,151.858,0.304,3037.600,9.510,0.668,190.400,-0.040,9.140,-0.880,9.480,0.000,189.680,440,1.42,43.01
25/08/2026,11:07:00,75.660,6.056,1512.400,-0.028,11.460,-0.800,66.052,0.110,1320.960,24.610,1.640,492.400,-0.026,10.103,-0.520,1.256,0.068,25.200,108.030,8.660,2160.000,0.032,11.052,0.800,159.586,0.322,3191.520,10.250,0.708,205.000,-0.038,9.238,-0.760,10.376,0.000,207.360,440,1.42,43.01
25/08/2026,11:08:00,69.810,5.588,1395.800,-0.026,11.421,-0.520,58.940,0.097,1178.800,23.250,1.540,465.400,-0.036,10.064,-0.480,1.096,0.062,22.200,107.480,8.616,2149.400,0.024,11.007,0.400,150.268,0.302,3005.320,9.340,0.652,187.200,-0.036,9.112,-0.840,9.302,0.000,186.400,439,1.42,42.91
25/08/2026,11:09:00,72.220,5.780,1443.600,-0.030,11.431,-0.480,62.438,0.102,1248.360,23.930,1.584,479.000,-0.022,10.057,-0.640,1.126,0.066,22.640,107.490,8.620,2149.600,0.040,11.005,0.520,157.042,0.316,3140.720,9.910,0.684,198.600,-0.042,9.170,-0.720,10.018,0.000,200.080,441,1.42,43.11
25/08/2026,11:10:00,74.990,6.000,1499.800,-0.026,11.428,-0.640,64.920,0.109,1298.240,24.570,1.628,492.200,-0.030,10.080,-0.480,1.096,0.068,21.960,107.780,8.652,2155.400,0.018,11.032,0.840,158.594,0.322,3171.560,10.300,0.712,205.800,-0.044,9.196,-0.680,10.362,0.000,207.120,440,1.42,43.01
25/08/2026,11:11:00,75.400,6.028,1508.400,-0.036,11.422,-0.520,65.032,0.109,1300.920,24.600,1.628,492.400,-0.030,10.027,-0.560,1.100,0.066,21.960,107.040,8.584,2140.800,0.040,10.962,0.640,153.784,0.310,3075.720,10.140,0.700,202.800,-0.040,9.151,-0.760,10.152,0.000,203.280,440,1.42,43.01
25/08/2026,11:12:00,82.680,6.620,1654.000,-0.026,11.469,-0.520,72.120,0.122,1442.240,26.370,1.760,527.600,-0.032,10.112,-0.880,1.280,0.074,25.520,107.350,8.612,2147.000,0.034,10.989,0.520,160.896,0.326,3217.560,11.200,0.760,223.400,-0.046,9.256,-0.720,11.274,0.000,225.600,440,1.42,43.01
25/08/2026,11:13:00,76.070,6.096,1521.000,-0.022,11.394,-0.600,64.972,0.109,1299.360,25.160,1.672,502.600,-0.028,10.034,-0.600,1.156,0.068,23.120,106.730,8.552,2134.200,0.030,10.936,0.400,148.638,0.297,2972.560,10.110,0.700,202.600,-0.040,9.130,-0.840,10.128,0.000,202.480,440,1.42,43.01
25/08/2026,11:14:00,72.880,5.848,1457.000,-0.034,11.363,-0.720,62.964,0.103,1259.520,24.820,1.660,495.600,-0.028,10.003,-0.600,1.160,0.068,23.120,106.780,8.564,2135.200,0.022,10.950,0.520,149.896,0.300,2997.880,10.040,0.696,200.600,-0.044,9.106,-0.880,10.204,0.000,203.920,440,1.42,43.01
25/08/2026,11:15:00,73.110,5.868,1462.400,-0.024,11.399,-0.400,63.372,0.104,1267.320,25.570,1.708,512.600,-0.018,10.030,-0.760,1.176,0.071,23.640,107.440,8.612,2149.400,0.038,10.994,0.680,154.728,0.310,3094.480,10.360,0.716,207.400,-0.048,9.129,-1.120,10.570,0.000,211.200,440,1.42,43.01
25/08/2026,11:16:00,76.650,6.148,1532.800,-0.030,11.411,-0.520,66.382,0.112,1327.240,27.770,1.840,555.600,-0.030,10.075,-0.320,1.300,0.079,26.360,106.940,8.580,2138.600,0.018,10.944,0.720,164.534,0.334,3290.760,11.540,0.788,231.400,-0.052,9.221,-0.640,11.710,0.000,234.080,441,1.42,43.11
25/08/2026,11:17:00,77.260,6.204,1545.200,-0.036,11.488,-0.400,65.680,0.111,1313.560,29.050,1.920,580.000,-0.028,10.108,-0.360,1.444,0.082,28.760,107.440,8.608,2148.800,0.030,10.981,0.760,165.070,0.336,3301.320,12.210,0.824,244.200,-0.034,9.280,-0.960,12.116,0.000,242.360,440,1.42,43.01
25/08/2026,11:18:00,74.580,5.992,1491.600,-0.036,11.456,-0.480,63.500,0.105,1269.880,28.760,1.904,574.000,-0.024,10.097,-0.720,1.474,0.082,29.400,106.880,8.576,2137.400,0.026,10.946,0.680,158.832,0.321,3176.840,12.190,0.820,244.000,-0.038,9.257,-0.880,12.234,0.000,244.800,441,1.42,43.11
25/08/2026,11:19:00,73.960,5.944,1479.200,-0.026,11.505,-0.760,62.584,0.103,1251.920,29.080,1.920,581.400,-0.028,10.130,-0.520,1.384,0.082,27.480,107.810,8.648,2156.200,0.024,11.034,0.520,158.548,0.318,3171.080,12.730,0.856,254.600,-0.044,9.316,-0.720,12.600,0.000,252.080,441,1.42,43.11
25/08/2026,11:20:00,73.880,5.936,1478.800,-0.044,11.519,-0.760,62.736,0.103,1254.480,28.340,1.872,567.400,-0.028,10.114,-0.440,1.336,0.079,26.640,107.250,8.596,2145.800,0.034,10.988,0.600,137.828,0.272,2756.560,12.320,0.832,245.800,-0.046,9.303,-1.000,12.270,0.000,245.240,440,1.42,43.01
25/08/2026,11:21:00,75.030,6.024,1501.200,-0.020,11.461,-0.640,64.332,0.106,1286.920,26.880,1.784,537.600,-0.024,10.072,-0.680,1.152,0.074,23.240,105.940,8.492,2119.400,0.020,10.893,0.600,126.070,0.248,2521.200,11.800,0.800,236.000,-0.042,9.236,-0.800,11.970,0.000,239.600,440,1.42,43.01
25/08/2026,11:22:00,78.500,6.296,1570.200,-0.018,11.523,-0.560,67.900,0.112,1357.960,26.640,1.776,533.000,-0.026,10.085,-0.360,1.178,0.071,23.600,106.770,8.568,2135.200,0.022,10.995,0.560,118.812,0.232,2376.400,11.970,0.812,239.800,-0.030,9.256,-0.720,11.816,0.000,236.520,441,1.42,43.11
25/08/2026,11:23:00,72.040,5.780,1441.200,-0.028,11.471,-0.600,64.368,0.104,1287.280,25.660,1.700,513.400,-0.020,10.041,-0.520,1.120,0.068,22.360,105.670,8.472,2112.800,0.024,10.902,0.680,111.356,0.215,2227.160,11.180,0.760,223.400,-0.048,9.196,-0.680,11.200,0.000,223.920,445,1.44,43.50
25/08/2026,11:24:00,69.570,5.584,1392.000,-0.018,11.492,-0.480,63.098,0.103,1262.200,26.220,1.732,525.000,-0.028,10.063,-0.760,1.044,0.071,21.040,106.040,8.520,2120.800,0.024,10.956,0.600,106.220,0.203,2124.600,11.700,0.788,233.000,-0.040,9.236,-0.720,11.622,0.000,232.320,440,1.42,43.01
25/08/2026,11:25:00,70.340,5.648,1406.800,-0.026,11.516,-0.600,62.296,0.100,1245.880,27.850,1.824,557.200,-0.026,10.084,-0.640,1.044,0.075,20.920,106.160,8.524,2124.000,0.024,10.954,0.360,105.300,0.201,2106.040,11.990,0.812,239.800,-0.046,9.287,-0.800,11.976,0.000,239.440,440,1.42,43.01
25/08/2026,11:26:00,68.090,5.468,1361.800,-0.022,11.505,-0.560,61.722,0.100,1234.520,28.210,1.836,563.600,-0.030,10.093,-0.480,1.014,0.079,20.080,105.730,8.492,2114.000,0.032,10.935,0.800,102.108,0.195,2042.160,11.870,0.796,236.200,-0.038,9.275,-0.960,11.866,0.000,237.240,440,1.42,43.01
25/08/2026,11:27:00,67.030,5.384,1340.600,-0.030,11.529,-0.640,60.662,0.098,1213.280,28.740,1.868,575.200,-0.028,10.134,-0.480,0.988,0.079,19.480,105.920,8.508,2118.200,0.034,10.956,0.720,101.322,0.194,2026.640,12.000,0.812,240.400,-0.046,9.302,-0.800,12.040,0.000,240.480,439,1.42,42.91
25/08/2026,11:28:00,64.340,5.172,1286.400,-0.026,11.516,-0.600,57.510,0.092,1150.200,28.650,1.852,573.200,-0.042,10.142,-0.680,0.966,0.078,19.200,105.910,8.504,2118.200,0.022,10.962,0.520,97.536,0.184,1950.840,11.930,0.808,239.200,-0.042,9.281,-0.720,11.818,0.000,236.440,439,1.42,42.91
25/08/2026,11:29:00,60.750,4.884,1214.200,-0.030,11.508,-0.360,54.600,0.086,1092.240,27.900,1.796,557.800,-0.044,10.106,-0.680,0.900,0.078,17.920,104.810,8.428,2096.200,0.024,10.903,0.560,95.810,0.180,1916.360,11.650,0.788,234.200,-0.026,9.265,-0.960,11.694,0.000,234.040,440,1.42,43.01
25/08/2026,11:30:00,61.510,4.948,1230.000,-0.026,11.489,-0.400,55.432,0.088,1108.480,28.110,1.812,562.000,-0.032,10.088,-0.480,0.842,0.077,16.760,104.970,8.428,2099.400,0.030,10.934,0.760,94.256,0.178,1885.120,11.780,0.796,234.800,-0.054,9.260,-0.560,11.796,0.000,235.760,439,1.42,42.91
25/08/2026,11:31:00,62.210,5.004,1244.000,-0.048,11.473,-0.520,55.026,0.087,1100.360,27.490,1.776,549.600,-0.036,10.041,-0.360,0.814,0.074,16.680,104.110,8.352,2082.000,0.026,10.883,0.680,93.572,0.177,1871.360,11.320,0.772,226.800,-0.038,9.241,-0.960,11.340,0.000,226.920,440,1.42,43.01
25/08/2026,11:32:00,62.740,5.044,1254.600,-0.018,11.498,-0.640,57.344,0.091,1146.760,27.770,1.792,555.400,-0.024,10.078,-0.520,0.828,0.076,16.800,104.200,8.352,2084.200,0.028,10.916,0.440,96.814,0.182,1936.440,11.480,0.780,229.400,-0.044,9.273,-1.040,11.512,0.000,230.440,440,1.42,43.01
25/08/2026,11:33:00,62.790,5.048,1255.400,-0.020,11.550,-0.680,57.584,0.093,1151.680,27.520,1.780,550.200,-0.026,10.097,-0.560,0.906,0.074,18.040,104.680,8.396,2093.400,0.028,11.020,0.600,99.036,0.186,1980.640,11.320,0.772,227.400,-0.044,9.331,-0.920,11.414,0.000,227.960,439,1.42,42.91
25/08/2026,11:34:00,62.870,5.052,1257.600,-0.028,11.530,-0.600,58.316,0.094,1166.240,26.630,1.728,532.400,-0.030,10.088,-0.560,0.872,0.072,17.080,104.100,8.328,2081.600,0.022,10.958,0.680,100.544,0.191,2010.920,11.210,0.760,223.800,-0.042,9.294,-0.880,11.206,0.000,223.880,438,1.41,42.82
25/08/2026,11:35:00,62.860,5.052,1257.000,-0.024,11.530,-0.680,59.096,0.094,1182.000,26.450,1.720,528.600,-0.022,10.064,-0.520,0.840,0.069,16.680,103.850,8.280,2076.800,0.042,10.898,0.520,105.290,0.199,2105.800,11.100,0.748,222.200,-0.042,9.257,-0.880,11.010,0.000,219.800,443,1.43,43.30
25/08/2026,11:36:00,61.030,4.904,1220.600,-0.034,11.507,-0.520,57.316,0.092,1146.640,25.180,1.632,503.400,-0.028,10.061,-0.520,0.776,0.067,15.520,103.790,8.264,2075.800,0.034,10.916,0.720,108.086,0.204,2161.720,10.850,0.736,217.200,-0.036,9.244,-0.840,10.874,0.000,217.520,439,1.42,42.91
25/08/2026,11:37:00,60.900,4.892,1218.400,-0.032,11.473,-0.680,57.172,0.093,1143.640,24.500,1.596,490.800,-0.030,10.025,-0.760,0.788,0.065,15.640,103.240,8.220,2065.200,0.024,10.861,0.520,111.390,0.213,2228.120,10.690,0.728,214.200,-0.038,9.206,-0.960,10.724,0.000,214.320,439,1.42,42.91
25/08/2026,11:38:00,61.190,4.916,1223.200,-0.020,11.462,-0.560,56.798,0.091,1136.000,24.190,1.580,484.000,-0.028,10.028,-0.560,0.776,0.063,15.480,103.480,8.256,2070.000,0.022,10.887,0.480,114.350,0.220,2287.080,10.620,0.724,212.400,-0.032,9.204,-0.800,10.616,0.000,212.560,438,1.41,42.82
25/08/2026,11:39:00,63.140,5.072,1262.600,-0.024,11.495,-0.440,57.552,0.093,1151.200,24.650,1.612,492.800,-0.020,10.033,-0.600,0.796,0.065,15.760,104.130,8.296,2082.200,0.032,10.913,0.560,117.572,0.224,2351.320,10.580,0.724,212.000,-0.036,9.212,-0.960,10.578,0.000,211.400,439,1.42,42.91
25/08/2026,11:40:00,63.090,5.068,1262.000,-0.032,11.500,-0.840,56.284,0.092,1125.440,24.580,1.600,492.000,-0.030,10.036,-0.640,0.772,0.065,15.520,104.670,8.340,2093.600,0.020,10.933,0.640,121.972,0.234,2439.520,10.500,0.716,210.600,-0.040,9.222,-0.800,10.560,0.000,211.120,439,1.42,42.91
25/08/2026,11:41:00,60.020,4.820,1200.200,-0.024,11.481,-0.560,53.262,0.085,1065.320,23.790,1.552,475.800,-0.022,10.040,-0.400,0.758,0.063,15.160,105.150,8.356,2102.200,0.028,10.916,0.440,121.680,0.234,2433.600,10.310,0.708,206.400,-0.044,9.234,-0.840,10.252,0.000,205.080,439,1.42,42.91
25/08/2026,11:42:00,60.950,4.896,1219.400,-0.038,11.503,-0.600,53.188,0.084,1064.000,24.120,1.572,481.800,-0.034,10.055,-0.520,0.764,0.065,15.160,106.370,8.452,2127.400,0.028,10.971,0.720,125.748,0.242,2514.880,10.240,0.704,204.600,-0.048,9.240,-0.920,10.224,0.000,204.640,439,1.42,42.91
25/08/2026,11:43:00,59.720,4.800,1194.600,-0.032,11.475,-0.480,51.426,0.081,1028.840,23.930,1.560,478.000,-0.024,10.030,-0.400,0.750,0.065,15.120,106.020,8.432,2120.000,0.032,10.913,0.640,124.858,0.238,2496.680,10.070,0.692,201.200,-0.030,9.185,-1.040,10.072,0.000,201.320,439,1.42,42.91
25/08/2026,11:44:00,58.720,4.720,1174.200,-0.024,11.485,-0.720,50.720,0.080,1014.440,23.890,1.552,477.600,-0.018,10.031,-0.680,0.762,0.063,15.160,106.830,8.504,2136.600,0.028,10.918,0.680,126.454,0.243,2529.120,9.970,0.684,198.800,-0.042,9.164,-0.960,9.950,0.000,198.880,439,1.42,42.91
25/08/2026,11:45:00,58.220,4.684,1164.200,-0.030,11.554,-0.440,50.100,0.078,1001.840,23.980,1.560,479.200,-0.024,10.094,-0.520,0.770,0.063,15.800,107.910,8.584,2157.800,0.034,11.030,0.360,128.336,0.247,2566.160,9.920,0.692,198.400,-0.046,9.253,-0.760,9.920,0.000,198.560,439,1.42,42.91
25/08/2026,11:46:00,55.930,4.504,1118.800,-0.032,11.538,-0.560,48.134,0.076,962.720,23.710,1.544,473.400,-0.034,10.074,-0.560,0.748,0.062,14.880,108.210,8.612,2164.600,0.028,11.018,0.520,129.804,0.250,2596.280,9.850,0.684,197.200,-0.038,9.219,-0.880,9.922,0.000,198.440,439,1.42,42.91
25/08/2026,11:47:00,55.120,4.436,1102.400,-0.030,11.521,-0.560,47.508,0.075,949.840,23.850,1.548,476.800,-0.026,10.088,-0.800,0.800,0.064,15.880,107.610,8.576,2152.400,0.040,10.952,0.600,132.260,0.255,2645.560,10.030,0.696,200.400,-0.034,9.250,-0.920,10.096,0.000,201.960,437,1.41,42.72
25/08/2026,11:48:00,54.560,4.392,1091.000,-0.040,11.550,-0.520,46.840,0.074,937.000,23.550,1.532,471.200,-0.032,10.095,-0.600,0.854,0.063,16.720,108.140,8.624,2162.800,0.030,10.998,0.760,133.460,0.258,2669.120,10.080,0.696,201.800,-0.036,9.247,-1.000,10.094,0.000,201.880,439,1.42,42.91
25/08/2026,11:49:00,53.200,4.284,1064.000,-0.042,11.470,-0.600,45.586,0.072,911.920,22.590,1.468,451.600,-0.034,10.036,-0.640,0.812,0.058,16.440,106.770,8.524,2135.600,0.024,10.885,0.560,123.574,0.238,2471.520,10.040,0.692,200.600,-0.048,9.200,-0.880,10.068,0.000,201.200,438,1.41,42.82
25/08/2026,11:50:00,53.480,4.300,1068.800,-0.018,11.454,-0.800,45.756,0.072,915.120,22.710,1.476,454.000,-0.036,10.005,-0.520,0.828,0.058,16.680,106.830,8.524,2136.000,0.034,10.886,0.560,127.566,0.246,2551.040,10.070,0.696,202.000,-0.048,9.196,-0.920,10.102,0.000,202.160,438,1.41,42.82
25/08/2026,11:51:00,54.290,4.368,1085.000,-0.014,11.518,-0.600,46.582,0.074,931.240,23.190,1.512,463.600,-0.022,10.057,-0.480,0.868,0.060,17.440,111.750,8.588,2235.000,0.024,10.980,0.680,142.978,0.285,2859.520,10.020,0.696,201.200,-0.032,9.268,-0.840,10.100,0.000,202.240,439,1.42,42.91
25/08/2026,11:52:00,53.600,4.312,1071.800,-0.028,11.443,-0.520,45.936,0.073,918.680,22.370,1.456,447.000,-0.030,10.018,-0.760,0.812,0.058,16.120,107.940,8.520,2159.200,0.024,10.904,0.800,131.390,0.259,2627.680,9.950,0.692,199.600,-0.038,9.209,-0.640,9.984,0.000,199.880,439,1.42,42.91
25/08/2026,11:53:00,54.000,4.344,1079.400,-0.016,11.435,-0.680,46.342,0.073,926.760,22.310,1.452,445.800,-0.032,9.986,-0.200,0.792,0.058,15.760,107.590,8.492,2152.000,0.018,10.865,0.680,131.702,0.259,2634.160,9.960,0.688,199.000,-0.034,9.185,-0.720,9.992,0.000,199.640,434,1.40,42.42
25/08/2026,11:54:00,55.980,4.504,1119.800,-0.024,11.488,-0.400,48.200,0.077,963.720,23.200,1.512,465.000,-0.028,10.014,-0.520,0.808,0.062,16.280,108.740,8.580,2175.400,0.028,10.932,0.560,146.404,0.293,2928.000,10.090,0.700,201.600,-0.048,9.205,-0.880,10.160,0.000,202.800,438,1.41,42.82
25/08/2026,11:55:00,55.020,4.428,1100.400,-0.032,11.442,-0.640,47.126,0.074,942.480,22.150,1.448,443.200,-0.044,10.002,-0.360,0.764,0.056,15.760,108.040,8.520,2160.600,0.026,10.882,0.440,132.748,0.262,2655.000,9.900,0.684,198.200,-0.034,9.199,-0.760,9.918,0.000,198.680,439,1.42,42.91
25/08/2026,11:56:00,55.620,4.476,1113.200,-0.040,11.433,-0.720,47.740,0.076,954.720,22.030,1.440,440.600,-0.032,9.970,-0.440,0.778,0.055,15.640,108.040,8.528,2160.800,0.024,10.886,0.560,133.284,0.262,2665.720,9.890,0.688,197.800,-0.032,9.180,-0.880,9.920,0.000,198.160,437,1.41,42.72
25/08/2026,11:57:00,56.270,4.524,1125.400,-0.026,11.421,-0.600,48.212,0.076,964.240,21.900,1.436,437.800,-0.022,9.972,-0.440,0.776,0.056,15.320,107.930,8.540,2158.600,0.032,10.890,0.680,133.990,0.264,2679.680,9.860,0.684,196.800,-0.040,9.160,-0.920,9.880,0.000,197.640,438,1.41,42.82
25/08/2026,11:58:00,56.930,4.580,1138.600,-0.020,11.440,-0.640,48.726,0.078,974.240,21.840,1.436,437.000,-0.030,9.988,-0.440,0.772,0.056,15.360,108.680,8.576,2172.800,0.032,10.920,0.480,147.380,0.293,2947.440,9.850,0.680,197.400,-0.042,9.193,-0.760,9.852,0.000,196.960,439,1.42,42.91
25/08/2026,11:59:00,57.220,4.600,1144.200,-0.028,11.411,-0.520,49.016,0.078,980.280,21.740,1.424,435.000,-0.024,9.957,-0.640,0.780,0.056,15.360,107.450,8.500,2148.400,0.036,10.862,0.680,133.258,0.264,2665.240,9.700,0.676,193.800,-0.034,9.148,-0.880,9.738,0.000,194.760,436,1.41,42.62
25/08/2026,12:00:00,57.940,4.656,1159.000,-0.030,11.382,-0.560,49.690,0.079,993.840,21.770,1.432,435.600,-0.030,9.944,-0.600,0.792,0.056,16.080,107.370,8.492,2147.200,0.024,10.844,0.360,132.708,0.260,2654.000,9.660,0.672,193.600,-0.036,9.138,-0.840,9.696,0.000,193.800,439,1.42,42.91
25/08/2026,12:01:00,59.270,4.764,1185.800,-0.034,11.360,-0.480,50.366,0.080,1007.120,21.860,1.436,437.200,-0.032,9.937,-0.640,0.790,0.056,15.600,107.250,8.488,2145.200,0.028,10.846,0.680,144.538,0.288,2889.640,9.660,0.672,193.200,-0.048,9.127,-0.880,9.732,0.000,194.400,439,1.42,42.91
25/08/2026,12:02:00,59.760,4.804,1195.600,-0.036,11.359,-0.640,51.256,0.082,1025.040,21.960,1.448,439.600,-0.032,9.932,-0.640,0.776,0.056,15.640,107.190,8.492,2143.800,0.030,10.841,0.400,134.328,0.265,2686.760,9.640,0.668,192.800,-0.044,9.104,-0.720,9.670,0.000,193.080,439,1.42,42.91
25/08/2026,12:03:00,60.360,4.848,1207.000,-0.026,11.360,-0.520,51.598,0.083,1032.000,22.050,1.452,441.400,-0.040,9.947,-0.600,0.772,0.055,15.720,106.960,8.480,2139.000,0.020,10.820,0.560,134.352,0.264,2687.080,9.600,0.664,191.600,-0.054,9.100,-0.880,9.624,0.000,192.440,439,1.42,42.91
25/08/2026,12:04:00,61.070,4.904,1221.600,-0.038,11.353,-0.520,52.292,0.084,1045.880,22.190,1.460,443.800,-0.024,9.922,-0.720,0.826,0.055,16.760,107.020,8.496,2140.000,0.036,10.836,0.440,135.090,0.266,2701.960,9.550,0.668,191.400,-0.046,9.086,-0.880,9.584,0.000,191.760,440,1.42,43.01
25/08/2026,12:05:00,61.600,4.948,1231.800,-0.030,11.334,-0.560,52.790,0.086,1055.840,22.290,1.472,445.800,-0.026,9.918,-0.400,0.786,0.058,15.920,106.700,8.480,2134.200,0.028,10.814,0.640,135.644,0.268,2713.120,9.510,0.660,190.400,-0.040,9.074,-0.840,9.558,0.000,191.280,438,1.41,42.82
25/08/2026,12:06:00,61.830,4.968,1237.000,-0.020,11.318,-0.680,52.998,0.086,1060.000,22.340,1.472,446.600,-0.026,9.910,-0.680,0.788,0.057,15.920,106.720,8.480,2134.000,0.030,10.814,0.480,136.272,0.268,2725.600,9.440,0.660,188.800,-0.048,9.066,-0.840,9.470,0.000,189.480,439,1.42,42.91
25/08/2026,12:07:00,62.350,5.012,1247.200,-0.026,11.333,-0.400,53.522,0.086,1070.320,22.400,1.476,447.800,-0.034,9.885,-0.440,0.796,0.058,15.680,106.750,8.476,2135.200,0.022,10.804,0.560,137.074,0.272,2741.600,9.340,0.656,187.200,-0.052,9.044,-0.760,9.348,0.000,187.160,439,1.42,42.91
25/08/2026,12:08:00,62.500,5.020,1249.800,-0.038,11.306,-0.800,53.558,0.087,1071.160,22.370,1.472,447.200,-0.020,9.890,-0.480,0.790,0.057,15.560,106.840,8.468,2137.000,0.022,10.801,0.440,137.072,0.270,2741.560,9.190,0.648,183.800,-0.044,9.019,-0.760,9.196,0.000,184.120,439,1.42,42.91
25/08/2026,12:09:00,64.310,5.164,1286.200,-0.022,11.380,-0.560,55.378,0.091,1107.800,22.580,1.488,452.200,-0.030,9.922,-0.560,0.800,0.060,15.880,107.650,8.564,2153.400,0.020,10.891,0.560,153.810,0.310,3075.960,9.250,0.652,185.600,-0.046,9.073,-1.120,9.296,0.000,185.640,438,1.41,42.82
25/08/2026,12:10:00,64.570,5.184,1291.800,-0.026,11.360,-0.640,55.596,0.090,1111.840,22.730,1.500,454.400,-0.040,9.930,-0.680,0.794,0.060,15.600,107.260,8.516,2145.400,0.016,10.848,0.600,139.870,0.276,2797.280,9.190,0.644,183.600,-0.032,9.078,-0.920,9.198,0.000,183.840,439,1.42,42.91
25/08/2026,12:11:00,65.000,5.216,1299.600,-0.028,11.319,-0.720,55.984,0.090,1119.880,22.740,1.500,454.800,-0.026,9.920,-0.640,0.790,0.059,15.960,106.510,8.472,2129.800,0.028,10.794,0.720,140.506,0.276,2810.240,9.360,0.656,186.800,-0.044,9.056,-0.960,9.372,0.000,187.480,439,1.42,42.91
25/08/2026,12:12:00,64.770,5.204,1295.600,-0.040,11.323,-0.640,56.092,0.092,1121.880,22.630,1.496,453.200,-0.028,9.913,-0.560,0.768,0.059,15.320,106.860,8.484,2137.600,0.036,10.816,0.520,141.608,0.280,2832.080,9.370,0.660,187.000,-0.040,9.038,-0.640,9.418,0.000,188.320,439,1.42,42.91
25/08/2026,12:13:00,66.670,5.352,1333.600,-0.026,11.333,-0.720,58.644,0.097,1172.560,23.270,1.536,465.200,-0.024,9.919,-0.520,0.778,0.062,15.280,106.970,8.516,2139.400,0.032,10.833,0.640,159.270,0.323,3184.960,9.540,0.664,191.000,-0.036,9.046,-0.880,9.570,0.000,191.440,439,1.42,42.91
25/08/2026,12:14:00,64.620,5.184,1292.600,-0.028,11.330,-0.320,56.392,0.092,1127.720,22.680,1.492,453.800,-0.038,9.894,-0.560,0.790,0.059,15.920,106.920,8.488,2138.200,0.016,10.811,0.560,144.138,0.285,2882.880,9.300,0.652,186.600,-0.052,9.033,-0.960,9.314,0.000,186.120,439,1.42,42.91
25/08/2026,12:15:00,64.390,5.168,1288.000,-0.026,11.302,-0.480,56.438,0.092,1129.040,22.620,1.492,452.000,-0.016,9.906,-0.440,0.820,0.058,16.720,106.330,8.468,2126.800,0.030,10.786,0.560,146.170,0.290,2923.400,9.240,0.644,185.000,-0.036,9.013,-0.800,9.242,0.000,184.760,438,1.41,42.82
25/08/2026,12:16:00,64.690,5.196,1294.400,-0.026,11.294,-0.520,56.726,0.091,1134.280,22.830,1.504,456.600,-0.034,9.903,-0.560,0.820,0.058,16.600,106.360,8.472,2127.000,0.032,10.785,0.600,148.862,0.295,2977.400,9.250,0.648,183.800,-0.032,9.004,-0.880,9.228,0.000,184.480,439,1.42,42.91
25/08/2026,12:17:00,65.000,5.220,1300.200,-0.030,11.281,-0.800,57.224,0.094,1144.040,22.940,1.512,458.400,-0.024,9.894,-0.560,0.924,0.060,18.680,106.470,8.480,2129.600,0.036,10.795,0.680,151.986,0.302,3039.400,9.190,0.644,183.800,-0.046,8.998,-0.680,9.204,0.000,184.360,439,1.42,42.91
25/08/2026,12:18:00,65.360,5.244,1307.600,-0.036,11.291,-0.480,57.576,0.095,1151.360,22.890,1.512,457.800,-0.026,9.888,-0.560,1.052,0.060,21.080,106.360,8.464,2126.800,0.032,10.775,0.640,154.978,0.308,3099.840,9.190,0.644,183.600,-0.050,8.987,-0.760,9.184,0.000,183.480,439,1.42,42.91
25/08/2026,12:19:00,65.730,5.276,1314.800,-0.020,11.272,-0.560,57.896,0.095,1157.680,22.840,1.516,457.000,-0.016,9.886,-0.680,0.978,0.063,19.520,106.570,8.476,2130.800,0.030,10.796,0.600,157.612,0.317,3152.120,9.110,0.644,182.400,-0.038,8.978,-1.080,9.150,0.000,182.920,439,1.42,42.91
25/08/2026,12:20:00,66.920,5.368,1337.400,-0.018,11.268,-0.320,58.518,0.096,1170.320,22.810,1.512,456.400,-0.030,9.884,-0.560,0.976,0.062,19.320,106.710,8.456,2134.400,0.036,10.773,0.760,159.640,0.322,3192.720,9.090,0.640,181.600,-0.034,8.970,-0.960,9.092,0.000,181.760,439,1.42,42.91
25/08/2026,12:21:00,68.470,5.492,1369.400,-0.024,11.259,-0.760,59.192,0.097,1183.800,22.760,1.512,455.000,-0.032,9.884,-0.440,0.842,0.061,16.800,106.460,8.444,2129.200,0.036,10.763,0.600,161.838,0.326,3236.680,9.040,0.636,180.200,-0.038,8.958,-0.720,9.040,0.000,180.720,438,1.41,42.82
25/08/2026,12:22:00,69.280,5.556,1385.200,-0.030,11.264,-0.400,59.438,0.099,1188.920,22.820,1.516,456.600,-0.036,9.879,-0.600,0.858,0.062,17.520,106.720,8.460,2134.400,0.022,10.788,0.800,164.612,0.334,3291.560,9.020,0.632,179.800,-0.032,8.970,-1.040,9.004,0.000,180.120,439,1.42,42.91
25/08/2026,12:23:00,69.380,5.564,1387.400,-0.018,11.253,-0.600,59.994,0.101,1199.960,22.820,1.520,456.400,-0.026,9.885,-0.640,0.758,0.064,15.360,106.730,8.456,2134.400,0.028,10.782,0.600,167.374,0.341,3346.880,8.990,0.628,179.400,-0.038,8.964,-0.800,8.994,0.000,180.040,440,1.42,43.01
25/08/2026,12:24:00,71.360,5.724,1428.000,-0.028,11.321,-0.480,62.194,0.105,1243.960,23.580,1.568,471.200,-0.022,9.906,-0.600,0.760,0.066,15.160,107.680,8.540,2153.600,0.030,10.864,0.520,186.904,0.429,3737.440,9.130,0.644,182.200,-0.046,9.000,-0.720,9.116,0.000,182.120,440,1.42,43.01
25/08/2026,12:25:00,70.760,5.676,1414.200,-0.022,11.324,-0.800,61.748,0.104,1235.000,23.540,1.572,470.600,-0.024,9.934,-0.760,0.780,0.065,15.560,108.250,8.516,0.000,0.026,10.832,0.480,194.210,0.405,3884.080,9.120,0.644,182.400,-0.040,9.027,-0.760,9.110,0.000,182.040,440,1.42,43.01
25/08/2026,12:26:00,68.560,5.508,1371.200,-0.020,11.282,-0.840,59.948,0.098,1198.800,22.970,1.532,459.400,-0.026,9.912,-0.560,0.714,0.064,14.080,106.540,8.452,2130.200,0.032,10.773,0.480,171.850,0.349,3437.040,8.960,0.628,179.400,-0.044,8.982,-0.720,8.972,0.000,179.360,439,1.42,42.91
25/08/2026,12:27:00,68.570,5.512,1371.200,-0.032,11.305,-0.600,59.988,0.100,1199.760,23.030,1.536,460.400,-0.030,9.948,-0.600,0.722,0.064,14.440,106.470,8.448,2129.600,0.034,10.773,0.680,172.688,0.352,3453.920,8.990,0.632,179.400,-0.040,8.969,-0.760,8.990,0.000,179.760,438,1.41,42.82
25/08/2026,12:28:00,69.000,5.540,1379.600,-0.032,11.267,-0.800,60.388,0.101,1208.080,23.040,1.536,460.600,-0.040,9.923,-0.720,0.846,0.062,17.000,106.240,8.440,2124.400,0.028,10.759,0.480,173.474,0.354,3469.520,9.000,0.636,179.800,-0.034,8.955,-0.680,8.996,0.000,180.120,439,1.42,42.91
25/08/2026,12:29:00,69.190,5.556,1384.000,-0.032,11.270,-0.560,60.634,0.101,1212.680,22.980,1.536,459.800,-0.012,9.910,-0.320,1.124,0.062,22.480,106.110,8.436,2122.800,0.032,10.755,0.600,173.786,0.352,3475.760,9.010,0.636,179.600,-0.040,8.955,-0.960,9.008,0.000,180.120,439,1.42,42.91
25/08/2026,12:30:00,69.330,5.564,1386.400,-0.024,11.273,-0.520,60.490,0.100,1209.800,22.820,1.536,455.800,-0.022,9.912,-0.560,1.056,0.062,21.160,106.490,8.448,2130.400,0.030,10.778,0.680,172.546,0.350,3450.840,8.920,0.628,179.000,-0.036,8.948,-0.760,8.944,0.000,178.800,439,1.42,42.91
25/08/2026,12:31:00,69.920,5.608,1398.800,-0.032,11.254,-0.600,61.092,0.101,1222.320,22.930,1.536,458.000,-0.024,9.928,-0.640,0.870,0.064,17.520,106.290,8.444,2126.000,0.024,10.766,0.680,174.314,0.353,3486.360,8.980,0.628,179.800,-0.042,8.944,-0.640,9.008,0.000,180.000,439,1.42,42.91
25/08/2026,12:32:00,70.430,5.648,1408.800,-0.026,11.272,-0.680,61.370,0.102,1227.600,23.060,1.544,461.000,-0.022,9.936,-0.640,1.518,0.062,30.320,106.000,8.424,2120.200,0.036,10.746,0.680,172.548,0.349,3450.840,8.950,0.632,178.600,-0.044,8.944,-0.720,8.968,0.000,179.320,439,1.42,42.91
25/08/2026,12:33:00,70.340,5.636,1406.600,-0.030,11.275,-0.560,61.312,0.100,1226.320,22.530,1.524,450.600,-0.038,9.922,-0.440,1.712,0.061,34.400,106.270,8.440,2125.400,0.022,10.770,0.640,172.382,0.348,3447.440,8.900,0.628,178.200,-0.064,8.931,-0.880,8.942,0.000,178.680,440,1.42,43.01
25/08/2026,12:34:00,70.790,5.672,1416.000,-0.030,11.268,-0.600,61.700,0.102,1233.880,22.550,1.532,451.400,-0.022,9.912,-0.680,1.696,0.062,33.800,105.990,8.420,2120.400,0.028,10.751,0.440,172.214,0.347,3444.480,8.930,0.628,178.800,-0.038,8.939,-0.920,8.938,0.000,178.760,440,1.42,43.01
25/08/2026,12:35:00,71.010,5.688,1420.000,-0.032,11.259,-0.360,61.778,0.104,1235.240,22.650,1.540,452.600,-0.038,9.912,-0.600,0.924,0.065,18.600,105.750,8.404,2114.200,0.026,10.732,0.640,171.820,0.347,3436.440,8.870,0.624,177.200,-0.044,8.928,-0.800,8.908,0.000,177.760,439,1.42,42.91
25/08/2026,12:36:00,70.830,5.688,1416.600,-0.016,11.245,-0.680,61.696,0.103,1233.880,22.890,1.556,458.600,-0.034,9.935,-0.680,0.902,0.065,18.240,105.940,8.416,2118.800,0.028,10.753,0.360,172.554,0.348,3450.800,8.860,0.624,176.800,-0.044,8.924,-0.600,8.848,0.000,176.880,440,1.42,43.01
25/08/2026,12:37:00,70.880,5.688,1417.400,-0.024,11.258,-0.760,61.580,0.103,1231.240,22.920,1.548,458.200,-0.032,9.912,-0.640,0.874,0.065,17.360,105.710,8.408,2114.600,0.018,10.734,0.960,173.274,0.350,3465.240,8.810,0.616,175.800,-0.044,8.912,-0.760,8.812,0.000,176.160,438,1.41,42.82
25/08/2026,12:38:00,71.320,5.728,1426.400,-0.016,11.253,-0.480,61.824,0.104,1236.840,23.050,1.556,461.800,-0.026,9.906,-0.600,0.842,0.065,16.840,105.730,8.408,2114.600,0.030,10.741,0.520,174.594,0.354,3491.720,8.770,0.620,175.600,-0.036,8.914,-0.720,8.802,0.000,175.840,440,1.42,43.01
25/08/2026,12:39:00,70.980,5.708,1419.800,-0.028,11.232,-0.480,61.654,0.103,1233.080,23.010,1.560,460.400,-0.038,9.898,-0.520,0.944,0.064,18.800,105.490,8.384,2110.000,0.028,10.718,0.440,173.706,0.352,3473.920,8.740,0.620,175.000,-0.040,8.905,-0.640,8.774,0.000,175.560,440,1.42,43.01
25/08/2026,12:40:00,71.290,5.720,1425.600,-0.028,11.222,-0.720,61.684,0.103,1233.640,23.080,1.556,461.600,-0.018,9.895,-0.440,0.778,0.064,15.800,105.650,8.388,2112.600,0.026,10.724,0.640,173.236,0.350,3464.600,8.720,0.612,174.200,-0.032,8.885,-0.800,8.720,0.000,174.640,439,1.42,42.91
25/08/2026,12:41:00,71.330,5.724,1426.800,-0.030,11.213,-0.600,61.728,0.104,1234.280,23.140,1.556,463.000,-0.032,9.888,-0.600,0.620,0.066,12.360,105.570,8.384,2110.600,0.038,10.718,0.640,171.874,0.348,3437.240,8.670,0.612,172.600,-0.038,8.873,-0.960,8.670,0.000,173.160,439,1.42,42.91
25/08/2026,12:42:00,71.750,5.760,1435.200,-0.024,11.216,-0.560,61.856,0.104,1236.960,23.340,1.564,466.400,-0.028,9.891,-0.440,2.578,0.059,51.480,105.690,8.396,2113.400,0.018,10.730,0.600,171.712,0.347,3434.240,8.640,0.612,173.000,-0.048,8.880,-0.560,8.648,0.000,172.720,439,1.42,42.91
25/08/2026,12:43:00,73.480,5.900,1470.200,-0.024,11.224,-0.480,62.126,0.104,1242.640,23.250,1.608,464.800,-0.028,9.897,-0.640,2.538,0.059,50.520,105.600,8.388,2112.200,0.036,10.726,0.440,172.322,0.348,3446.320,8.620,0.608,172.600,-0.044,8.871,-0.680,8.620,0.000,172.600,439,1.42,42.91
25/08/2026,12:44:00,72.310,5.808,1446.800,-0.040,11.205,-0.360,62.258,0.104,1245.400,22.740,1.576,455.600,-0.040,9.890,-0.480,2.162,0.063,42.800,105.570,8.384,2111.600,0.030,10.727,0.600,171.060,0.347,3421.120,8.550,0.608,170.800,-0.036,8.862,-0.840,8.552,0.000,171.040,440,1.42,43.01
25/08/2026,12:45:00,72.970,5.860,1458.800,-0.028,11.213,-0.480,62.804,0.105,1256.200,22.930,1.580,458.800,-0.018,9.891,-0.680,0.916,0.066,18.320,105.680,8.388,2113.600,0.024,10.735,0.680,171.616,0.347,3432.560,8.500,0.604,170.400,-0.042,8.868,-0.720,8.518,0.000,170.480,439,1.42,42.91
25/08/2026,12:46:00,72.790,5.848,1455.600,-0.014,11.198,-0.480,62.344,0.105,1246.880,23.440,1.588,468.600,-0.030,9.890,-0.560,0.928,0.066,18.480,105.540,8.376,2111.000,0.032,10.714,0.520,171.032,0.346,3420.560,8.510,0.604,170.400,-0.050,8.856,-1.000,8.494,0.000,169.800,440,1.42,43.01
25/08/2026,12:47:00,72.290,5.808,1446.000,-0.032,11.194,-0.400,62.016,0.104,1240.320,23.410,1.588,468.200,-0.026,9.889,-0.560,1.004,0.066,20.200,105.670,8.372,2113.200,0.028,10.721,0.560,170.216,0.343,3404.120,8.470,0.600,169.400,-0.044,8.852,-0.760,8.462,0.000,169.400,439,1.42,42.91
25/08/2026,12:48:00,72.280,5.816,1446.000,-0.034,11.181,-0.240,62.006,0.104,1240.200,23.380,1.588,468.200,-0.028,9.901,-0.560,1.010,0.065,20.160,105.460,8.364,2109.400,0.018,10.710,0.320,168.768,0.342,3375.240,8.390,0.596,168.400,-0.050,8.838,-0.680,8.424,0.000,168.600,440,1.42,43.01
25/08/2026,12:49:00,72.680,5.848,1454.400,-0.028,11.190,-0.720,62.420,0.104,1248.400,23.480,1.592,469.000,-0.030,9.902,-0.320,0.992,0.067,19.840,105.540,8.368,2110.400,0.026,10.713,0.760,168.838,0.342,3377.000,8.360,0.600,167.800,-0.038,8.846,-0.800,8.358,0.000,167.600,440,1.42,43.01
25/08/2026,12:50:00,72.870,5.852,1457.200,-0.028,11.176,-0.520,62.540,0.105,1251.080,23.470,1.584,469.400,-0.028,9.890,-0.600,0.870,0.067,17.400,105.450,8.352,2108.600,0.030,10.708,0.720,168.558,0.340,3371.400,8.290,0.592,166.000,-0.042,8.833,-0.720,8.330,0.000,166.560,439,1.42,42.91
25/08/2026,12:51:00,74.690,6.000,1493.600,-0.030,11.197,-0.600,64.996,0.109,1300.120,24.190,1.632,484.600,-0.020,9.910,-0.680,1.128,0.067,22.200,105.430,8.364,2109.000,0.026,10.721,0.800,169.338,0.343,3386.320,8.280,0.592,166.000,-0.036,8.826,-0.680,8.312,0.000,166.480,439,1.42,42.91
25/08/2026,12:52:00,73.520,5.900,1470.600,-0.034,11.206,-0.680,63.892,0.108,1277.720,23.660,1.596,474.600,-0.028,9.900,-0.480,1.068,0.066,21.360,105.350,8.368,2106.800,0.038,10.717,0.440,169.978,0.345,3399.600,8.210,0.588,164.600,-0.044,8.812,-0.760,8.234,0.000,164.760,440,1.42,43.01
25/08/2026,12:53:00,76.010,6.096,1520.000,-0.040,11.295,-0.560,68.204,0.117,1364.040,24.890,1.672,497.800,-0.034,9.969,-0.560,1.040,0.073,20.640,107.330,8.500,2146.400,0.032,10.881,0.560,182.668,0.405,3651.600,8.300,0.592,165.600,-0.042,8.910,-0.800,8.292,0.000,165.520,440,1.42,43.01
25/08/2026,12:54:00,73.240,5.872,1464.400,-0.024,11.243,-0.760,63.742,0.108,1274.880,24.030,1.612,480.600,-0.036,9.946,-0.760,0.900,0.067,17.640,106.870,8.404,2137.200,0.020,10.774,0.560,168.824,0.347,3376.440,8.010,0.576,160.000,-0.048,8.863,-0.800,8.032,0.000,160.680,440,1.42,43.01
25/08/2026,12:55:00,73.050,5.860,1460.600,-0.026,11.232,-0.640,63.910,0.109,1278.280,24.150,1.616,483.400,-0.016,9.954,-0.400,0.860,0.069,17.200,105.690,8.384,2113.600,0.040,10.752,0.360,174.044,0.361,3480.920,8.040,0.576,161.000,-0.048,8.848,-0.680,8.072,0.000,161.640,440,1.42,43.01
25/08/2026,12:56:00,73.450,5.896,1469.800,-0.030,11.271,-0.720,64.440,0.110,1288.880,24.520,1.636,490.200,-0.028,9.964,-0.400,0.874,0.070,17.640,106.240,8.444,2125.400,0.024,10.811,0.520,179.372,0.373,3587.400,8.120,0.584,162.600,-0.044,8.880,-0.600,8.118,0.000,162.560,440,1.42,43.01
25/08/2026,12:57:00,73.080,5.860,1461.800,-0.032,11.240,-0.920,64.736,0.110,1294.520,24.500,1.632,489.400,-0.026,9.959,-0.680,0.956,0.068,19.120,105.530,8.388,2110.400,0.022,10.760,0.560,178.754,0.372,3575.400,8.020,0.572,160.200,-0.038,8.850,-0.840,8.074,0.000,161.440,440,1.42,43.01
25/08/2026,12:58:00,73.690,5.916,1474.200,-0.012,11.280,-0.560,64.968,0.111,1299.200,24.930,1.664,498.800,-0.022,9.986,-0.400,0.926,0.070,18.360,106.240,8.440,2124.000,0.018,10.810,0.520,175.022,0.362,3500.720,8.030,0.576,160.800,-0.044,8.873,-0.800,8.058,0.000,161.200,440,1.42,43.01
25/08/2026,12:59:00,72.010,5.776,1439.600,-0.026,11.236,-0.600,63.098,0.106,1262.160,24.510,1.632,490.400,-0.028,9.962,-0.480,0.914,0.068,18.320,105.790,8.400,2115.200,0.022,10.777,0.400,160.330,0.326,3206.640,7.920,0.568,158.000,-0.038,8.842,-0.720,7.898,0.000,158.200,440,1.42,43.01
25/08/2026,13:00:00,72.250,5.796,1444.600,-0.032,11.249,-0.640,64.264,0.110,1285.200,24.830,1.648,496.800,-0.020,9.957,-0.480,0.914,0.068,18.200,105.610,8.380,2111.200,0.044,10.758,0.440,154.848,0.313,3097.120,7.870,0.568,157.800,-0.038,8.850,-0.920,7.890,0.000,157.800,441,1.42,43.11
25/08/2026,13:01:00,72.530,5.824,1450.400,-0.044,11.252,-0.560,64.006,0.108,1279.680,25.080,1.664,501.600,-0.022,9.959,-0.600,0.994,0.070,19.760,105.720,8.396,2114.600,0.030,10.777,0.400,153.888,0.310,3077.840,7.930,0.564,158.400,-0.034,8.838,-0.800,7.912,0.000,158.160,439,1.42,42.91
25/08/2026,13:02:00,72.060,5.784,1440.200,-0.028,11.230,-0.560,62.854,0.106,1256.800,25.060,1.660,500.800,-0.026,9.954,-0.480,0.990,0.069,19.440,105.200,8.360,2104.200,0.028,10.744,0.560,144.922,0.288,2898.320,7.830,0.560,156.800,-0.034,8.835,-0.680,7.834,0.000,156.880,439,1.42,42.91
25/08/2026,13:03:00,72.140,5.788,1442.600,-0.032,11.209,-0.520,62.852,0.106,1256.960,25.220,1.672,504.000,-0.030,9.950,-0.560,0.968,0.070,19.160,105.190,8.360,2103.600,0.022,10.747,0.680,140.816,0.280,2815.920,7.840,0.560,156.800,-0.042,8.829,-0.920,7.838,0.000,156.880,439,1.42,42.91
25/08/2026,13:04:00,71.700,5.752,1433.600,-0.026,11.205,-0.640,62.374,0.104,1247.480,25.210,1.668,504.000,-0.020,9.948,-0.520,0.956,0.070,19.200,104.960,8.340,2099.000,0.024,10.742,0.680,135.744,0.267,2714.640,7.780,0.556,155.200,-0.050,8.818,-0.760,7.792,0.000,155.920,439,1.42,42.91
25/08/2026,13:05:00,71.500,5.736,1431.000,-0.034,11.192,-0.520,62.276,0.104,1245.560,25.250,1.672,505.000,-0.038,9.919,-0.560,1.022,0.069,20.640,104.620,8.316,2093.400,0.036,10.721,0.680,132.516,0.263,2650.600,7.750,0.556,154.800,-0.042,8.808,-0.600,7.780,0.000,155.480,439,1.42,42.91
25/08/2026,13:06:00,71.410,5.724,1428.800,-0.022,11.185,-0.440,62.682,0.106,1253.640,25.320,1.680,506.400,-0.034,9.925,-0.680,1.050,0.069,20.960,104.610,8.312,2092.600,0.024,10.734,0.520,129.730,0.254,2594.680,7.710,0.552,154.400,-0.042,8.806,-0.600,7.752,0.000,155.000,439,1.42,42.91
25/08/2026,13:07:00,71.360,5.720,1427.200,-0.026,11.175,-0.680,62.236,0.104,1244.920,25.380,1.680,507.400,-0.032,9.919,-0.560,1.104,0.068,21.920,104.550,8.300,2090.200,0.024,10.738,0.680,127.556,0.251,2551.080,7.700,0.552,154.000,-0.042,8.812,-0.800,7.740,0.000,154.960,439,1.42,42.91
25/08/2026,13:08:00,71.570,5.732,1432.000,-0.030,11.188,-0.520,62.970,0.104,1259.720,25.490,1.688,509.800,-0.026,9.913,-0.560,1.498,0.070,30.000,104.310,8.284,2086.200,0.038,10.728,0.840,126.610,0.250,2532.520,7.720,0.552,154.800,-0.044,8.808,-1.040,7.766,0.000,154.920,439,1.42,42.91
25/08/2026,13:09:00,71.520,5.732,1430.400,-0.014,11.186,-0.640,62.560,0.104,1251.240,25.410,1.692,508.400,-0.012,9.903,-0.520,1.426,0.070,28.160,104.230,8.280,2084.600,0.026,10.734,0.520,125.272,0.246,2505.360,7.710,0.556,154.400,-0.032,8.810,-0.880,7.732,0.000,154.760,440,1.42,43.01
25/08/2026,13:10:00,72.490,5.804,1449.400,-0.026,11.213,-0.560,65.714,0.108,1314.400,25.770,1.716,515.800,-0.024,9.925,-0.520,3.146,0.067,62.760,104.510,8.304,2089.800,0.028,10.756,0.760,128.938,0.254,2578.720,7.800,0.556,156.200,-0.036,8.810,-0.720,7.808,0.000,156.080,440,1.42,43.01
25/08/2026,13:11:00,71.370,5.712,1428.200,-0.030,11.174,-0.400,62.824,0.105,1256.520,24.770,1.692,495.800,-0.024,9.894,-0.640,1.704,0.068,34.240,103.870,8.252,2077.600,0.018,10.716,0.440,125.000,0.247,2499.520,7.690,0.552,153.800,-0.048,8.801,-1.000,7.714,0.000,154.080,439,1.42,42.91
25/08/2026,13:12:00,71.470,5.720,1429.200,-0.026,11.168,-0.640,62.200,0.104,1243.760,25.300,1.688,506.200,-0.038,9.880,-0.600,1.592,0.070,31.840,103.780,8.244,2075.800,0.026,10.717,0.600,125.084,0.246,2501.280,7.640,0.552,153.400,-0.042,8.794,-0.640,7.668,0.000,153.520,440,1.42,43.01
25/08/2026,13:13:00,71.690,5.732,1433.600,-0.024,11.170,-0.640,62.912,0.104,1258.480,25.470,1.696,509.200,-0.020,9.894,-0.560,1.458,0.071,29.080,103.870,8.244,2076.600,0.024,10.716,0.560,125.348,0.247,2507.040,7.660,0.548,152.400,-0.032,8.798,-0.840,7.638,0.000,153.080,440,1.42,43.01
25/08/2026,13:14:00,72.130,5.776,1442.800,-0.030,11.160,-0.480,63.036,0.104,1260.800,25.610,1.700,512.200,-0.038,9.883,-0.680,1.366,0.072,27.480,103.730,8.228,2075.000,0.026,10.706,0.560,126.784,0.250,2535.800,7.630,0.552,152.600,-0.052,8.794,-0.880,7.648,0.000,152.920,440,1.42,43.01
25/08/2026,13:15:00,73.720,5.900,1475.400,-0.040,11.221,-0.640,65.760,0.109,1316.480,25.910,1.724,518.200,-0.024,9.897,-0.200,1.246,0.073,24.840,104.340,8.276,2086.400,0.038,10.772,0.760,130.038,0.257,2600.720,7.660,0.552,153.000,-0.030,8.819,-0.600,7.734,0.000,155.080,439,1.42,42.91
25/08/2026,13:16:00,72.300,5.788,1446.400,-0.030,11.226,-0.440,63.246,0.106,1264.760,25.560,1.696,511.600,-0.028,9.918,-0.560,1.046,0.073,20.880,104.720,8.268,2094.400,0.038,10.786,0.560,125.440,0.246,2508.680,7.570,0.548,151.600,-0.034,8.823,-0.720,7.614,0.000,152.360,439,1.42,42.91
25/08/2026,13:17:00,71.960,5.760,1439.400,-0.028,11.198,-0.520,62.832,0.105,1257.160,25.520,1.684,510.400,-0.028,9.894,-0.480,1.116,0.070,22.240,104.180,8.220,2083.400,0.030,10.747,0.600,122.206,0.238,2444.160,7.440,0.536,149.800,-0.040,8.798,-0.840,7.492,0.000,149.680,439,1.42,42.91
25/08/2026,13:18:00,71.650,5.736,1433.200,-0.032,11.183,-0.440,61.846,0.103,1236.680,25.430,1.680,507.800,-0.036,9.887,-0.320,0.964,0.070,19.160,103.780,8.196,2075.200,0.030,10.718,0.600,120.944,0.236,2419.000,7.350,0.532,147.600,-0.040,8.770,-1.080,7.380,0.000,147.480,440,1.42,43.01
25/08/2026,13:19:00,71.720,5.744,1434.800,-0.022,11.171,-0.600,62.258,0.105,1245.120,25.490,1.680,509.800,-0.028,9.878,-0.640,0.904,0.070,18.080,103.640,8.188,2073.000,0.028,10.709,0.720,120.812,0.235,2415.920,7.290,0.528,145.800,-0.042,8.749,-0.760,7.296,0.000,146.240,439,1.42,42.91
25/08/2026,13:20:00,71.930,5.756,1438.000,-0.030,11.165,-0.560,62.124,0.103,1242.640,25.480,1.680,509.400,-0.030,9.867,-0.680,0.894,0.070,18.040,103.910,8.208,2078.400,0.030,10.729,0.560,121.298,0.237,2426.240,7.200,0.528,144.200,-0.038,8.740,-0.840,7.256,0.000,145.040,439,1.42,42.91
25/08/2026,13:21:00,74.310,5.944,1486.200,-0.030,11.165,-0.280,66.250,0.110,1324.560,25.810,1.704,516.400,-0.020,9.865,-0.800,0.846,0.073,16.960,103.910,8.204,2078.000,0.032,10.718,0.520,122.202,0.240,2444.000,7.240,0.528,144.400,-0.046,8.754,-0.800,7.260,0.000,145.280,439,1.42,42.91
25/08/2026,13:22:00,71.800,5.744,1435.800,-0.028,11.160,-0.480,61.956,0.103,1239.160,25.320,1.672,506.600,-0.030,9.838,-0.440,1.042,0.071,21.040,103.690,8.188,2073.800,0.034,10.715,0.600,119.976,0.235,2399.800,7.210,0.520,143.400,-0.052,8.745,-1.160,7.208,0.000,144.000,439,1.42,42.91
25/08/2026,13:23:00,71.670,5.724,1433.600,-0.016,11.138,-0.240,62.306,0.103,1245.960,25.140,1.664,502.800,-0.032,9.845,-0.600,1.484,0.069,29.760,103.710,8.196,2074.400,0.028,10.724,0.600,119.564,0.234,2391.000,7.240,0.524,144.400,-0.038,8.761,-0.960,7.250,0.000,144.960,440,1.42,43.01
25/08/2026,13:24:00,71.770,5.732,1435.600,-0.032,11.134,-0.560,61.660,0.102,1233.480,24.920,1.660,498.200,-0.028,9.833,-0.400,1.224,0.070,24.360,103.900,8.200,2076.800,0.046,10.727,0.720,119.178,0.232,2383.360,7.240,0.524,145.000,-0.030,8.757,-0.880,7.260,0.000,145.120,439,1.42,42.91
25/08/2026,13:25:00,71.330,5.704,1427.000,-0.026,11.126,-0.520,61.320,0.102,1226.720,24.820,1.644,496.000,-0.018,9.818,-0.480,1.284,0.069,25.360,103.650,8.180,2073.600,0.026,10.714,0.560,118.406,0.231,2367.920,7.170,0.524,143.800,-0.042,8.754,-0.760,7.204,0.000,143.800,439,1.42,42.91
25/08/2026,13:26:00,70.920,5.664,1418.600,-0.020,11.142,-0.600,60.824,0.100,1216.520,24.580,1.628,491.200,-0.024,9.824,-0.440,1.250,0.068,24.960,103.630,8.160,2072.400,0.030,10.702,0.840,116.182,0.225,2323.760,7.060,0.516,141.200,-0.032,8.740,-0.640,7.088,0.000,141.760,439,1.42,42.91
25/08/2026,13:27:00,72.780,5.808,1455.400,-0.022,11.153,-0.480,63.774,0.106,1275.320,24.960,1.656,498.600,-0.028,9.823,-0.600,1.256,0.068,24.920,103.980,8.184,2079.200,0.020,10.728,0.640,115.858,0.226,2317.080,7.110,0.520,142.800,-0.036,8.745,-0.760,7.136,0.000,142.800,439,1.42,42.91
25/08/2026,13:28:00,71.480,5.712,1430.200,-0.034,11.176,-0.440,61.206,0.100,1224.520,24.650,1.632,492.800,-0.026,9.821,-0.840,1.342,0.067,26.680,104.130,8.200,2082.200,0.032,10.756,0.640,112.676,0.218,2253.880,7.050,0.512,140.600,-0.040,8.766,-0.920,7.048,0.000,141.240,440,1.42,43.01
25/08/2026,13:29:00,72.500,5.792,1450.000,-0.034,11.166,-0.480,63.592,0.106,1271.880,24.720,1.644,494.400,-0.028,9.834,-0.360,1.302,0.067,25.880,103.780,8.172,2075.600,0.040,10.733,0.400,110.464,0.213,2209.120,7.030,0.520,141.800,-0.038,8.765,-0.920,7.084,0.000,141.840,440,1.42,43.01
25/08/2026,13:30:00,72.880,5.820,1457.600,-0.036,11.186,-0.640,61.922,0.103,1238.200,24.660,1.640,493.600,-0.032,9.831,-0.600,1.232,0.067,24.720,104.150,8.200,2082.800,0.034,10.776,0.720,108.466,0.210,2169.200,7.070,0.516,141.000,-0.046,8.779,-0.880,7.050,0.000,141.120,439,1.42,42.91
25/08/2026,13:31:00,72.190,5.768,1443.400,-0.028,11.195,-0.560,61.812,0.103,1236.160,24.560,1.632,491.600,-0.028,9.828,-0.600,1.278,0.066,25.560,103.830,8.176,2076.400,0.030,10.760,0.920,107.980,0.207,2159.720,7.030,0.512,140.400,-0.036,8.774,-0.720,7.048,0.000,140.800,440,1.42,43.01
25/08/2026,13:32:00,72.170,5.768,1443.400,-0.026,11.161,-0.520,61.604,0.102,1232.200,24.480,1.628,489.600,-0.028,9.827,-0.520,1.302,0.066,25.920,103.340,8.144,2067.200,0.036,10.721,0.680,107.852,0.206,2157.040,6.980,0.508,140.000,-0.044,8.762,-0.720,7.018,0.000,140.440,439,1.42,42.91
25/08/2026,13:33:00,74.140,5.924,1483.000,-0.024,11.160,-0.520,63.876,0.108,1277.240,24.800,1.656,496.600,-0.028,9.842,-0.520,1.372,0.067,27.360,103.470,8.160,2069.600,0.034,10.731,0.680,108.168,0.208,2163.440,7.050,0.512,140.200,-0.034,8.764,-0.840,7.068,0.000,141.320,440,1.42,43.01
25/08/2026,13:34:00,72.370,5.780,1447.400,-0.036,11.139,-0.600,61.486,0.102,1229.600,24.360,1.620,486.600,-0.028,9.818,-0.520,1.350,0.064,27.160,103.340,8.148,2067.000,0.020,10.724,0.680,104.136,0.200,2082.680,6.930,0.508,139.000,-0.036,8.754,-0.800,6.990,0.000,139.680,439,1.42,42.91
25/08/2026,13:35:00,72.470,5.784,1449.400,-0.036,11.126,-0.680,61.744,0.102,1235.080,24.290,1.620,486.000,-0.024,9.825,-0.720,1.310,0.066,26.280,103.410,8.136,2068.200,0.032,10.721,0.520,101.386,0.193,2027.960,6.910,0.504,138.400,-0.038,8.750,-0.760,6.952,0.000,138.960,439,1.42,42.91
25/08/2026,13:36:00,72.760,5.804,1455.400,-0.028,11.125,-0.680,62.062,0.101,1241.280,24.290,1.620,486.000,-0.024,9.820,-0.800,1.500,0.065,30.080,103.090,8.112,2061.600,0.016,10.711,0.560,99.136,0.189,1982.720,6.880,0.504,137.000,-0.032,8.740,-0.880,6.928,0.000,138.680,438,1.41,42.82
25/08/2026,13:37:00,72.550,5.788,1451.400,-0.046,11.126,-0.440,61.770,0.102,1235.360,24.040,1.608,481.200,-0.024,9.818,-0.480,1.586,0.063,32.000,103.360,8.128,2067.200,0.034,10.738,0.600,97.374,0.184,1947.320,6.890,0.504,138.200,-0.044,8.739,-0.760,6.904,0.000,138.240,439,1.42,42.91
25/08/2026,13:38:00,72.210,5.760,1443.800,-0.032,11.122,-0.840,61.836,0.101,1236.520,23.960,1.604,478.600,-0.024,9.815,-0.520,1.528,0.065,30.280,102.860,8.080,2057.200,0.030,10.713,0.400,94.850,0.179,1897.040,6.890,0.504,137.400,-0.042,8.735,-0.640,6.884,0.000,137.840,439,1.42,42.91
25/08/2026,13:39:00,72.560,5.788,1451.600,-0.028,11.120,-0.760,61.684,0.102,1233.880,24.140,1.612,482.800,-0.026,9.825,-0.520,1.534,0.065,30.480,102.990,8.100,2060.600,0.030,10.724,0.480,94.200,0.178,1883.800,6.860,0.504,137.200,-0.036,8.738,-0.800,6.866,0.000,137.360,439,1.42,42.91
25/08/2026,13:40:00,76.870,6.128,1537.800,-0.022,11.143,-0.600,64.114,0.107,1282.080,24.300,1.636,486.200,-0.030,9.825,-0.480,1.678,0.064,33.680,102.880,8.088,2057.800,0.028,10.734,0.720,94.098,0.178,1881.840,6.830,0.500,136.800,-0.044,8.731,-0.840,6.874,0.000,137.360,441,1.42,43.11
25/08/2026,13:41:00,72.400,5.776,1448.000,-0.036,11.128,-0.680,61.470,0.100,1229.480,23.930,1.604,478.200,-0.026,9.830,-0.840,1.704,0.062,33.920,103.080,8.088,2062.200,0.036,10.735,0.560,92.556,0.174,1851.240,6.750,0.496,135.400,-0.038,8.718,-0.680,6.800,0.000,135.840,439,1.42,42.91
25/08/2026,13:42:00,74.980,5.984,1500.200,-0.026,11.124,-0.640,63.916,0.108,1278.480,24.030,1.616,480.400,-0.028,9.826,-0.480,1.590,0.064,31.600,103.210,8.096,2064.000,0.026,10.744,0.520,93.138,0.176,1862.760,6.780,0.496,135.400,-0.040,8.721,-0.600,6.822,0.000,136.160,440,1.42,43.01
25/08/2026,13:43:00,72.880,5.816,1457.200,-0.036,11.123,-0.720,61.984,0.101,1239.680,23.890,1.600,477.800,-0.022,9.823,-0.240,1.526,0.063,30.640,103.140,8.088,2062.600,0.032,10.731,0.520,93.512,0.176,1869.920,6.710,0.492,134.600,-0.046,8.703,-0.600,6.738,0.000,135.040,439,1.42,42.91
25/08/2026,13:44:00,73.160,5.840,1462.600,-0.026,11.125,-0.600,62.006,0.102,1240.040,23.860,1.600,476.400,-0.026,9.818,-0.480,1.644,0.062,32.680,103.220,8.100,2065.200,0.034,10.746,0.520,93.372,0.177,1867.080,6.700,0.492,133.400,-0.046,8.697,-0.720,6.706,0.000,134.120,440,1.42,43.01
25/08/2026,13:45:00,72.910,5.820,1458.200,-0.038,11.115,-0.520,61.704,0.101,1233.800,23.530,1.584,470.400,-0.026,9.794,-0.520,1.470,0.062,29.200,102.910,8.068,2058.200,0.024,10.730,0.440,91.516,0.173,1830.440,6.640,0.488,132.200,-0.042,8.685,-0.560,6.644,0.000,132.520,439,1.42,42.91
25/08/2026,13:46:00,73.690,5.884,1473.800,-0.038,11.139,-0.520,60.828,0.100,1216.480,23.880,1.600,477.400,-0.026,9.805,-0.520,1.638,0.063,32.720,102.970,8.068,2059.200,0.030,10.755,0.600,92.132,0.172,1842.560,6.720,0.492,134.200,-0.044,8.714,-0.680,6.750,0.000,134.520,441,1.42,43.11
25/08/2026,13:47:00,66.030,5.280,1319.800,-0.034,11.134,-0.600,54.808,0.088,1096.120,23.330,1.556,466.400,-0.016,9.807,-0.480,1.718,0.061,34.280,102.800,8.060,2055.600,0.024,10.754,0.480,91.104,0.170,1822.000,6.570,0.488,131.200,-0.046,8.699,-0.760,6.610,0.000,132.160,439,1.42,42.91
25/08/2026,13:48:00,62.280,4.984,1245.600,-0.034,11.101,-0.400,51.708,0.083,1034.360,23.260,1.544,465.000,-0.026,9.802,-0.480,1.694,0.060,33.920,102.580,8.040,2051.600,0.042,10.734,0.400,91.482,0.171,1829.360,6.560,0.480,132.000,-0.042,8.680,-0.960,6.600,0.000,132.240,439,1.42,42.91
25/08/2026,13:49:00,62.170,4.972,1243.800,-0.026,11.106,-0.560,51.464,0.082,1029.360,22.970,1.528,459.000,-0.032,9.801,-0.760,1.432,0.059,28.560,102.350,8.012,2047.600,0.020,10.738,0.560,91.392,0.170,1828.120,6.530,0.476,130.200,-0.042,8.664,-1.080,6.538,0.000,130.480,440,1.42,43.01
25/08/2026,13:50:00,67.460,5.396,1349.000,-0.028,11.095,-0.520,55.972,0.091,1119.680,22.960,1.532,458.400,-0.036,9.790,-0.640,1.320,0.060,26.080,102.240,8.012,2044.200,0.026,10.741,0.680,93.954,0.177,1879.320,6.470,0.476,129.200,-0.038,8.656,-0.560,6.514,0.000,130.680,440,1.42,43.01
25/08/2026,13:51:00,70.410,5.624,1407.800,-0.032,11.089,-0.400,59.306,0.096,1186.200,22.520,1.508,449.600,-0.032,9.771,-0.480,1.142,0.057,22.600,101.730,7.968,2034.000,0.026,10.729,0.680,92.260,0.173,1845.440,6.310,0.468,126.000,-0.044,8.616,-0.680,6.322,0.000,126.240,440,1.42,43.01
25/08/2026,13:52:00,67.170,5.368,1343.600,-0.036,11.046,-0.560,55.916,0.091,1118.320,21.210,1.420,424.200,-0.030,9.718,-0.520,0.998,0.052,20.160,100.010,7.836,2000.200,0.020,10.714,0.720,87.810,0.164,1756.040,5.960,0.440,118.800,-0.050,8.534,-0.720,5.940,0.000,118.840,438,1.41,42.82
25/08/2026,13:53:00,73.080,5.840,1461.200,-0.028,11.120,-0.560,60.402,0.100,1207.880,22.420,1.504,447.800,-0.018,9.781,-0.640,1.116,0.058,22.080,102.730,8.052,2054.800,0.016,10.771,0.640,94.350,0.177,1886.920,6.410,0.476,128.200,-0.046,8.651,-0.640,6.434,0.000,128.760,439,1.42,42.91
25/08/2026,13:54:00,71.970,5.756,1440.000,-0.038,11.112,-0.760,59.540,0.098,1191.240,22.330,1.496,446.600,-0.032,9.765,-0.680,1.116,0.057,22.760,102.760,8.052,2055.600,0.028,10.761,0.280,94.566,0.178,1891.040,6.400,0.476,127.600,-0.044,8.640,-0.840,6.398,0.000,128.000,439,1.42,42.91
25/08/2026,13:55:00,70.290,5.620,1405.800,-0.030,11.098,-0.720,58.516,0.095,1170.360,22.110,1.480,442.400,-0.038,9.766,-0.600,1.152,0.057,23.080,102.930,8.060,2058.600,0.024,10.756,0.520,95.284,0.180,1905.840,6.340,0.472,127.000,-0.042,8.633,-0.880,6.348,0.000,126.800,439,1.42,42.91
25/08/2026,13:56:00,69.430,5.552,1388.800,-0.016,11.101,-0.600,57.964,0.094,1159.280,22.120,1.480,442.200,-0.028,9.770,-0.480,1.138,0.055,22.880,103.280,8.088,2065.000,0.030,10.774,0.760,96.092,0.182,1922.200,6.330,0.468,127.000,-0.034,8.631,-0.960,6.360,0.000,126.920,437,1.41,42.72
25/08/2026,13:57:00,68.300,5.460,1366.400,-0.024,11.109,-0.880,57.104,0.094,1141.960,21.790,1.460,435.800,-0.038,9.767,-0.680,1.118,0.056,22.440,103.090,8.080,2062.000,0.028,10.766,0.640,95.752,0.182,1914.920,6.280,0.468,125.200,-0.046,8.622,-0.880,6.290,0.000,125.960,439,1.42,42.91
25/08/2026,13:58:00,67.710,5.412,1354.200,-0.046,11.097,-0.720,56.526,0.092,1130.320,21.760,1.456,435.400,-0.032,9.775,-0.480,1.140,0.054,22.800,103.310,8.096,2066.200,0.020,10.768,0.520,95.862,0.180,1917.160,6.250,0.468,125.000,-0.046,8.635,-0.880,6.272,0.000,125.600,438,1.41,42.82
25/08/2026,13:59:00,66.800,5.336,1335.800,-0.034,11.089,-0.240,55.750,0.092,1114.640,21.460,1.436,429.400,-0.020,9.768,-0.600,1.230,0.055,24.360,103.090,8.080,2061.600,0.018,10.770,0.400,95.822,0.181,1916.920,6.310,0.468,126.600,-0.036,8.645,-0.640,6.270,0.000,125.280,439,1.42,42.91
25/08/2026,14:00:00,65.650,5.244,1312.600,-0.032,11.098,-0.560,54.728,0.088,1094.520,21.010,1.408,420.400,-0.020,9.757,-0.480,1.306,0.052,26.440,103.540,8.116,2071.200,0.034,10.770,0.560,95.182,0.180,1903.560,6.240,0.460,124.600,-0.042,8.624,-0.920,6.210,0.000,124.400,439,1.42,42.91
25/08/2026,14:01:00,63.760,5.092,1274.800,-0.030,11.103,-0.360,53.346,0.086,1066.760,20.300,1.364,405.800,-0.032,9.729,-0.800,1.252,0.050,24.880,103.270,8.092,2064.200,0.026,10.758,0.480,94.396,0.176,1887.680,6.090,0.452,122.400,-0.036,8.606,-1.000,6.108,0.000,122.040,437,1.41,42.72
25/08/2026,14:02:00,63.630,5.084,1272.400,-0.024,11.084,-0.840,52.966,0.086,1059.680,20.350,1.368,407.200,-0.020,9.730,-0.520,1.236,0.052,24.440,103.690,8.120,2074.000,0.026,10.755,0.760,95.792,0.181,1916.040,6.160,0.460,122.800,-0.036,8.618,-0.880,6.158,0.000,123.040,438,1.41,42.82
25/08/2026,14:03:00,62.210,4.972,1244.200,-0.032,11.083,-0.600,53.174,0.086,1063.240,20.510,1.372,410.200,-0.028,9.752,-0.680,1.228,0.052,24.640,104.200,8.160,2084.000,0.032,10.775,0.480,97.218,0.183,1944.520,6.210,0.464,123.800,-0.040,8.638,-0.920,6.204,0.000,123.960,439,1.42,42.91
25/08/2026,14:04:00,57.960,4.636,1159.400,-0.022,11.090,-0.760,51.878,0.083,1037.760,20.310,1.352,406.400,-0.026,9.745,-0.440,1.260,0.050,25.040,104.380,8.176,2087.400,0.024,10.774,0.640,97.670,0.184,1953.040,6.170,0.456,123.600,-0.038,8.625,-0.600,6.204,0.000,124.040,438,1.41,42.82
25/08/2026,14:05:00,54.300,4.348,1086.600,-0.036,11.065,-0.480,49.698,0.080,993.920,19.810,1.316,395.400,-0.024,9.731,-0.560,1.190,0.051,23.920,104.210,8.156,2085.200,0.040,10.760,0.680,97.260,0.182,1945.000,6.070,0.456,121.400,-0.040,8.606,-0.800,6.100,0.000,122.160,437,1.41,42.72
25/08/2026,14:06:00,52.260,4.184,1045.000,-0.034,11.042,-0.560,47.764,0.076,955.160,19.490,1.284,389.800,-0.026,9.728,-0.520,1.112,0.048,22.120,104.090,8.148,2082.000,0.016,10.748,0.320,97.022,0.184,1940.240,6.050,0.448,120.800,-0.040,8.597,-0.640,6.040,0.000,120.720,438,1.41,42.82
25/08/2026,14:07:00,51.230,4.104,1024.600,-0.038,11.037,-0.600,46.954,0.076,939.120,19.360,1.276,387.200,-0.032,9.729,-0.720,1.148,0.047,22.680,104.410,8.164,2087.400,0.028,10.748,0.640,98.052,0.186,1960.760,6.040,0.456,120.400,-0.042,8.602,-0.720,6.044,0.000,121.080,438,1.41,42.82
25/08/2026,14:08:00,50.560,4.048,1011.400,-0.028,11.035,-0.680,46.204,0.074,924.040,19.130,1.260,382.800,-0.036,9.711,-0.480,1.130,0.046,22.360,104.320,8.160,2086.800,0.024,10.759,0.800,97.722,0.182,1954.600,5.970,0.452,119.400,-0.044,8.587,-0.800,5.998,0.000,120.040,438,1.41,42.82
25/08/2026,14:09:00,50.870,4.076,1017.000,-0.032,11.054,-0.800,45.054,0.073,900.880,19.040,1.256,380.800,-0.036,9.710,-0.520,1.142,0.046,22.880,104.630,8.180,2092.400,0.032,10.794,0.560,96.706,0.182,1934.120,5.940,0.448,118.800,-0.040,8.578,-0.880,5.972,0.000,119.440,439,1.42,42.91
25/08/2026,14:10:00,51.380,4.112,1027.400,-0.028,11.050,-0.640,44.224,0.069,884.360,19.040,1.256,380.600,-0.024,9.714,-0.720,1.178,0.046,23.760,104.450,8.168,2089.000,0.028,10.771,0.800,94.310,0.178,1886.600,5.930,0.440,118.600,-0.034,8.580,-0.640,5.944,0.000,118.600,436,1.41,42.62
25/08/2026,14:11:00,50.400,4.040,1008.200,-0.022,11.036,-0.640,43.010,0.067,860.480,18.940,1.252,378.800,-0.022,9.714,-0.600,1.170,0.046,23.200,104.420,8.176,2088.000,0.020,10.772,0.560,92.038,0.171,1840.680,5.930,0.440,118.000,-0.044,8.572,-0.920,5.938,0.000,118.520,437,1.41,42.72
25/08/2026,14:12:00,49.260,3.944,984.200,-0.026,11.021,-0.640,42.130,0.065,842.600,18.910,1.244,378.200,-0.028,9.717,-0.480,1.136,0.045,22.880,104.030,8.152,2080.600,0.024,10.784,0.600,88.990,0.166,1779.560,5.820,0.440,116.600,-0.036,8.548,-0.960,5.836,0.000,116.720,438,1.41,42.82
25/08/2026,14:13:00,48.440,3.884,968.200,-0.014,11.030,-0.440,41.532,0.063,830.600,18.990,1.248,380.200,-0.036,9.727,-0.560,1.180,0.046,23.600,103.860,8.136,2077.000,0.040,10.796,0.440,87.452,0.163,1748.720,5.770,0.432,115.200,-0.038,8.556,-0.600,5.796,0.000,115.880,437,1.41,42.72
25/08/2026,14:14:00,47.620,3.820,951.800,-0.032,11.039,-0.640,40.996,0.064,819.880,19.020,1.252,380.400,-0.028,9.726,-0.520,1.182,0.046,23.800,103.470,8.084,2069.400,0.032,10.760,0.680,86.310,0.162,1725.880,5.720,0.432,115.200,-0.050,8.544,-0.920,5.736,0.000,114.640,437,1.41,42.72
25/08/2026,14:15:00,47.020,3.772,940.200,-0.026,11.090,-0.520,40.542,0.061,810.600,18.970,1.244,379.400,-0.030,9.741,-0.680,1.194,0.045,23.560,103.320,8.080,2066.600,0.030,10.814,0.760,84.894,0.156,1697.760,5.710,0.428,114.000,-0.048,8.566,-0.760,5.696,0.000,114.160,438,1.41,42.82
25/08/2026,14:16:00,46.670,3.740,933.000,-0.020,11.082,-0.480,40.250,0.062,805.080,18.930,1.244,378.200,-0.036,9.738,-0.520,1.184,0.046,23.400,103.090,8.064,2062.000,0.020,10.802,0.600,84.370,0.157,1687.240,5.810,0.436,116.800,-0.038,8.591,-0.760,5.810,0.000,116.280,437,1.41,42.72
25/08/2026,14:17:00,46.060,3.692,920.800,-0.022,11.083,-0.480,40.036,0.061,800.600,19.120,1.248,382.600,-0.030,9.750,-0.760,1.180,0.046,23.840,101.180,7.916,2023.200,0.028,10.786,0.480,81.844,0.150,1637.080,5.740,0.432,114.800,-0.044,8.593,-0.760,5.760,0.000,115.120,437,1.41,42.72
25/08/2026,14:18:00,44.430,3.572,889.200,-0.036,11.081,-0.760,39.630,0.061,793.120,19.230,1.256,384.800,-0.018,9.756,-0.600,1.228,0.046,24.560,99.990,7.828,1999.600,0.022,10.777,0.520,79.764,0.146,1595.360,5.780,0.432,115.400,-0.050,8.598,-0.760,5.782,0.000,115.760,437,1.41,42.72
25/08/2026,14:19:00,42.780,3.436,856.000,-0.034,11.108,-0.400,39.284,0.060,785.520,19.450,1.264,388.400,-0.020,9.790,-0.360,1.292,0.046,25.720,100.350,7.856,2007.200,0.024,10.856,0.920,79.294,0.146,1585.920,6.000,0.444,119.800,-0.040,8.648,-0.800,5.996,0.000,119.640,437,1.41,42.72
25/08/2026,14:20:00,41.660,3.344,833.400,-0.024,11.094,-0.600,38.416,0.056,768.360,19.060,1.240,381.400,-0.032,9.783,-0.720,1.204,0.046,24.160,98.620,7.724,1972.200,0.040,10.811,0.640,77.470,0.142,1549.520,5.720,0.428,114.200,-0.036,8.607,-0.840,5.736,0.000,114.640,436,1.41,42.62
25/08/2026,14:21:00,40.790,3.276,816.400,-0.026,11.081,-0.680,37.730,0.057,754.560,19.030,1.232,380.800,-0.034,9.767,-0.440,1.160,0.045,23.120,99.700,7.808,1994.200,0.024,10.797,0.600,78.986,0.145,1579.840,5.740,0.428,114.600,-0.028,8.592,-0.760,5.754,0.000,114.960,437,1.41,42.72
25/08/2026,14:22:00,40.060,3.220,801.400,-0.024,11.070,-0.640,36.890,0.055,737.960,18.840,1.220,376.800,-0.020,9.755,-0.480,1.112,0.046,22.400,99.350,7.784,1986.800,0.032,10.793,0.440,78.382,0.144,1567.680,5.670,0.424,113.400,-0.046,8.585,-0.840,5.690,0.000,114.040,436,1.41,42.62
25/08/2026,14:23:00,39.090,3.140,781.400,-0.038,11.060,-0.680,35.708,0.053,713.640,18.310,1.184,366.000,-0.026,9.752,-0.600,1.052,0.043,20.760,96.220,7.536,1924.000,0.030,10.782,0.720,74.490,0.137,1489.640,5.620,0.416,112.800,-0.044,8.558,-0.840,5.548,0.000,110.960,435,1.40,42.52
25/08/2026,14:24:00,38.740,3.108,775.000,-0.030,11.060,-0.720,35.142,0.052,702.800,18.190,1.176,364.200,-0.032,9.749,-0.560,1.032,0.043,20.480,92.450,7.236,1848.800,0.028,10.766,0.560,72.742,0.132,1454.720,5.410,0.400,108.600,-0.042,8.551,-0.720,5.444,0.000,109.000,435,1.40,42.52
25/08/2026,14:25:00,39.580,3.180,791.400,-0.026,11.100,-0.480,35.890,0.053,717.680,18.860,1.216,377.000,-0.018,9.798,-0.720,1.044,0.045,21.040,96.540,7.580,1930.200,0.024,10.881,0.360,75.896,0.140,1518.120,5.710,0.424,115.200,-0.044,8.644,-0.880,5.758,0.000,115.320,437,1.41,42.72
25/08/2026,14:26:00,40.520,3.256,810.200,-0.020,11.088,-0.520,36.296,0.054,725.680,19.210,1.244,384.200,-0.030,9.801,-0.840,1.110,0.048,21.920,96.900,7.612,1938.600,0.026,10.826,0.560,76.274,0.139,1525.840,5.590,0.416,112.000,-0.036,8.606,-1.000,5.616,0.000,112.280,436,1.41,42.62
25/08/2026,14:27:00,42.450,3.408,849.600,-0.036,11.086,-0.720,36.128,0.054,723.040,19.400,1.260,388.400,-0.020,9.797,-0.360,1.098,0.047,22.120,98.520,7.740,1970.400,0.028,10.817,0.600,77.964,0.143,1559.240,5.560,0.408,110.800,-0.042,8.606,-0.920,5.560,0.000,111.360,437,1.41,42.72
25/08/2026,14:28:00,43.340,3.484,867.600,-0.024,11.060,-0.640,36.430,0.054,728.480,19.510,1.264,390.400,-0.022,9.787,-0.520,1.104,0.048,22.520,98.200,7.712,1963.600,0.032,10.793,0.520,78.814,0.145,1576.360,5.500,0.408,109.800,-0.034,8.595,-0.720,5.496,0.000,109.960,436,1.41,42.62
25/08/2026,14:29:00,44.230,3.548,884.200,-0.030,11.075,-0.800,37.216,0.056,744.640,19.490,1.268,390.000,-0.042,9.800,-0.560,1.132,0.047,22.680,97.640,7.672,1953.200,0.036,10.796,0.480,77.364,0.141,1547.360,5.420,0.408,108.800,-0.048,8.580,-1.040,5.438,0.000,109.000,436,1.41,42.62
25/08/2026,14:30:00,43.770,3.512,875.600,-0.026,11.070,-0.480,36.578,0.055,731.360,19.250,1.252,384.600,-0.030,9.785,-0.480,1.086,0.046,22.000,96.550,7.584,1931.200,0.028,10.829,0.600,77.374,0.143,1547.640,5.380,0.400,107.600,-0.040,8.578,-0.760,5.528,0.000,110.480,436,1.41,42.62
25/08/2026,14:31:00,43.020,3.456,861.200,-0.036,11.065,-0.440,35.988,0.052,719.520,19.210,1.248,383.400,-0.028,9.771,-0.520,1.044,0.046,20.640,96.790,7.600,1935.200,0.042,10.804,0.400,76.506,0.142,1530.360,5.360,0.400,106.800,-0.042,8.562,-0.800,5.354,0.000,106.960,436,1.41,42.62
25/08/2026,14:32:00,42.210,3.388,844.400,-0.020,11.056,-0.560,35.218,0.052,704.360,19.200,1.244,384.400,-0.022,9.762,-0.560,1.034,0.047,20.600,96.530,7.572,1931.200,0.036,10.789,0.400,76.290,0.138,1526.240,5.240,0.392,105.000,-0.034,8.544,-0.800,5.256,0.000,105.400,436,1.41,42.62
25/08/2026,14:33:00,41.540,3.336,830.800,-0.026,11.057,-0.520,34.658,0.052,693.320,19.300,1.248,385.200,-0.030,9.741,-0.520,1.078,0.046,21.360,96.090,7.544,1922.400,0.020,10.812,0.440,75.888,0.138,1517.760,5.190,0.392,104.000,-0.052,8.526,-0.480,5.204,0.000,104.080,436,1.41,42.62
25/08/2026,14:34:00,41.000,3.292,820.800,-0.036,11.041,-0.680,34.196,0.050,683.760,19.400,1.256,387.400,-0.024,9.738,-0.280,1.112,0.046,22.160,96.740,7.596,1935.200,0.020,10.801,0.800,75.946,0.139,1519.120,5.160,0.388,103.400,-0.048,8.521,-0.960,5.184,0.000,103.360,436,1.41,42.62
25/08/2026,14:35:00,40.440,3.252,808.800,-0.028,11.034,-0.560,33.732,0.050,674.200,19.480,1.260,389.000,-0.022,9.734,-0.400,1.104,0.047,21.600,95.400,7.488,1908.000,0.040,10.805,0.480,75.382,0.137,1507.320,5.120,0.388,102.800,-0.048,8.507,-0.960,5.144,0.000,102.960,436,1.41,42.62
25/08/2026,14:36:00,39.750,3.200,795.400,-0.038,11.033,-0.640,33.106,0.050,662.360,19.520,1.260,390.200,-0.032,9.739,-0.600,0.998,0.049,19.960,95.260,7.476,1905.200,0.030,10.802,0.840,75.170,0.137,1503.360,5.170,0.388,103.200,-0.052,8.516,-0.760,5.180,0.000,103.520,436,1.41,42.62
25/08/2026,14:37:00,39.040,3.136,780.200,-0.022,11.027,-0.640,32.508,0.047,650.280,19.520,1.256,390.200,-0.032,9.716,-0.520,1.006,0.047,20.200,94.490,7.408,1889.600,0.028,10.800,0.600,74.680,0.136,1493.520,5.170,0.388,103.200,-0.050,8.515,-0.680,5.182,0.000,103.360,435,1.40,42.52
25/08/2026,14:38:00,38.380,3.084,768.000,-0.026,11.008,-0.800,31.882,0.046,638.000,19.460,1.252,389.600,-0.036,9.713,-0.360,0.986,0.048,19.960,93.880,7.360,1877.800,0.032,10.795,0.680,75.478,0.138,1510.120,5.160,0.388,103.000,-0.036,8.511,-1.040,5.320,0.000,106.720,436,1.41,42.62
25/08/2026,14:39:00,37.850,3.040,757.200,-0.024,11.020,-0.480,31.434,0.048,628.720,19.470,1.252,389.800,-0.016,9.710,-0.720,0.992,0.047,19.880,92.160,7.220,1843.200,0.022,10.809,0.760,73.628,0.132,1472.240,5.120,0.380,103.200,-0.042,8.498,-0.640,5.148,0.000,102.680,436,1.41,42.62
25/08/2026,14:40:00,37.500,3.012,749.600,-0.026,11.005,-0.640,31.034,0.045,620.680,19.660,1.264,393.000,-0.018,9.712,-0.680,1.000,0.047,20.040,92.000,7.212,1839.800,0.040,10.802,0.440,73.404,0.132,1468.240,5.100,0.384,102.200,-0.056,8.497,-0.640,5.128,0.000,102.520,436,1.41,42.62
25/08/2026,14:41:00,37.060,2.980,740.600,-0.022,11.022,-0.760,30.872,0.044,617.120,20.040,1.284,401.200,-0.030,9.702,-0.520,1.024,0.050,20.720,93.440,7.332,1869.000,0.030,10.792,0.720,74.764,0.136,1495.240,5.140,0.380,101.800,-0.042,8.491,-0.680,5.126,0.000,102.440,435,1.40,42.52
25/08/2026,14:42:00,36.230,2.916,724.600,-0.032,11.019,-0.760,30.708,0.044,614.240,20.420,1.304,408.600,-0.038,9.708,-0.480,1.078,0.051,21.360,94.610,7.424,1892.600,0.024,10.794,0.680,76.022,0.138,1520.520,5.090,0.380,101.800,-0.046,8.485,-0.920,5.098,0.000,101.880,436,1.41,42.62
25/08/2026,14:43:00,35.480,2.860,710.000,-0.032,11.067,-0.520,30.528,0.044,610.760,20.760,1.320,415.400,-0.030,9.738,-0.480,1.112,0.054,22.120,94.880,7.444,1897.600,0.022,10.900,0.560,76.644,0.140,1533.240,5.210,0.392,104.000,-0.042,8.544,-0.640,5.204,0.000,104.280,435,1.40,42.52
25/08/2026,14:44:00,35.340,2.848,707.400,-0.028,11.027,-0.320,30.390,0.044,607.560,20.920,1.332,418.800,-0.034,9.735,-0.480,1.168,0.053,23.400,94.920,7.448,1898.800,0.038,10.820,0.400,75.824,0.138,1516.360,5.120,0.384,102.400,-0.030,8.509,-0.680,5.194,0.000,103.640,435,1.40,42.52
25/08/2026,14:45:00,35.030,2.828,701.400,-0.034,11.036,-0.760,29.736,0.042,594.800,20.420,1.304,408.400,-0.030,9.721,-0.640,1.112,0.051,21.920,92.270,7.240,1845.600,0.018,10.819,0.480,72.782,0.132,1455.400,4.880,0.368,97.000,-0.042,8.450,-0.920,4.808,0.000,96.400,435,1.40,42.52
25/08/2026,14:46:00,33.320,2.680,666.400,-0.024,10.958,-0.680,27.554,0.039,550.920,18.620,1.188,372.400,-0.034,9.618,-0.680,0.976,0.045,19.640,82.650,6.480,1653.600,0.024,10.730,0.640,65.060,0.115,1301.360,4.240,0.320,85.000,-0.038,8.251,-0.920,4.236,0.000,85.000,435,1.40,42.52
25/08/2026,14:47:00,26.400,2.116,528.000,-0.034,10.745,-0.280,21.320,0.026,426.600,13.810,0.876,276.000,-0.030,9.281,-0.560,0.680,0.026,13.680,62.600,4.936,1252.600,0.030,10.521,0.520,47.754,0.082,954.840,2.930,0.216,59.000,-0.034,7.677,-0.720,2.820,0.000,56.480,432,1.39,42.23
25/08/2026,14:48:00,30.700,2.468,614.000,-0.020,10.925,-0.440,25.704,0.034,514.000,16.140,1.028,322.600,-0.030,9.523,-0.520,0.846,0.036,16.560,70.090,5.572,1402.000,0.034,10.666,0.400,55.660,0.098,1113.200,3.550,0.264,70.600,-0.040,8.016,-0.600,3.584,0.000,71.520,434,1.40,42.42
25/08/2026,14:49:00,24.780,1.988,495.800,-0.032,10.697,-0.640,20.554,0.024,411.000,11.990,0.764,240.400,-0.034,9.177,-0.640,0.580,0.022,11.960,55.190,4.392,1104.200,0.030,10.451,0.840,43.240,0.074,864.520,2.470,0.184,49.800,-0.046,7.456,-0.800,2.494,0.000,49.720,430,1.39,42.03
25/08/2026,14:50:00,28.170,2.264,563.600,-0.038,10.876,-0.720,23.556,0.032,470.920,14.510,0.924,290.200,-0.020,9.430,-0.480,0.728,0.029,14.520,64.670,5.148,1293.800,0.028,10.604,0.720,50.806,0.088,1015.880,3.080,0.232,62.000,-0.040,7.830,-0.880,3.104,0.000,62.000,433,1.40,42.33
25/08/2026,14:51:00,30.870,2.480,617.200,-0.028,11.008,-0.800,25.852,0.036,516.840,16.480,1.048,329.200,-0.034,9.581,-0.360,0.830,0.037,16.560,72.460,5.760,1449.400,0.040,10.722,0.720,57.532,0.099,1150.560,3.570,0.268,71.000,-0.040,8.050,-1.000,3.590,0.000,71.840,434,1.40,42.42
25/08/2026,14:52:00,32.190,2.592,644.400,-0.020,11.026,-0.520,26.884,0.037,537.640,17.260,1.100,345.000,-0.028,9.623,-0.680,0.856,0.038,17.120,76.380,6.056,1527.400,0.032,10.761,0.680,60.080,0.106,1201.640,3.780,0.284,75.400,-0.034,8.124,-0.760,3.756,0.000,74.880,434,1.40,42.42
25/08/2026,14:53:00,35.620,2.864,712.200,-0.044,11.111,-0.760,29.890,0.044,597.720,19.640,1.256,392.400,-0.032,9.770,-0.720,1.008,0.049,20.080,84.750,6.704,1695.400,0.026,10.834,0.680,67.324,0.121,1346.480,4.230,0.324,84.800,-0.046,8.321,-0.840,4.260,0.000,85.240,435,1.40,42.52
25/08/2026,14:54:00,37.330,3.004,747.000,-0.032,11.129,-0.680,31.234,0.046,624.840,20.650,1.320,413.400,-0.032,9.824,-0.640,1.050,0.051,20.960,88.370,6.988,1767.200,0.028,10.854,0.680,70.160,0.126,1403.120,4.510,0.336,89.400,-0.040,8.386,-0.880,4.502,0.000,89.760,435,1.40,42.52
25/08/2026,14:55:00,38.410,3.092,768.000,-0.016,11.118,-0.280,32.090,0.047,641.640,21.400,1.364,428.000,-0.048,9.850,-0.560,1.110,0.054,22.120,89.850,6.988,1796.400,0.024,10.850,0.360,71.390,0.127,1427.600,4.650,0.356,93.400,-0.034,8.438,-0.840,4.678,0.000,93.680,435,1.40,42.52
25/08/2026,14:56:00,39.170,3.148,783.400,-0.030,11.110,-0.640,32.736,0.047,654.640,21.730,1.388,434.800,-0.026,9.854,-0.560,1.170,0.056,23.200,89.860,7.020,1797.000,0.028,10.844,0.720,71.498,0.128,1430.000,4.750,0.356,95.000,-0.050,8.471,-0.920,4.788,0.000,95.640,435,1.40,42.52
25/08/2026,14:57:00,39.740,3.200,794.200,-0.024,11.098,-0.440,33.192,0.048,663.880,21.990,1.404,439.200,-0.024,9.862,-0.520,1.222,0.057,24.560,89.250,6.972,1785.400,0.026,10.856,0.560,70.998,0.129,1420.200,4.830,0.364,97.000,-0.046,8.498,-0.720,4.858,0.000,97.080,435,1.40,42.52
25/08/2026,14:58:00,39.620,3.188,792.200,-0.020,11.088,-0.440,33.062,0.048,661.440,21.880,1.400,438.200,-0.024,9.846,-0.600,1.230,0.056,24.520,87.760,6.824,1755.000,0.032,10.837,0.560,69.650,0.127,1392.600,4.760,0.360,95.400,-0.034,8.469,-0.720,4.780,0.000,95.800,434,1.40,42.42
25/08/2026,14:59:00,40.010,3.220,800.600,-0.034,11.107,-0.560,33.304,0.049,666.080,21.830,1.404,437.000,-0.030,9.862,-0.680,1.398,0.058,28.000,92.430,6.888,1848.600,0.030,10.866,0.760,63.646,0.146,1272.560,4.850,0.364,97.800,-0.052,8.496,-0.720,4.812,0.000,96.480,436,1.41,42.62
25/08/2026,15:00:00,39.990,3.216,799.400,-0.036,11.084,-0.760,33.276,0.049,665.320,21.940,1.404,438.600,-0.040,9.843,-0.280,1.318,0.058,26.440,87.760,6.692,1755.600,0.026,10.838,0.440,61.568,0.145,1231.760,4.750,0.348,94.600,-0.034,8.470,-0.880,4.764,0.000,95.200,435,1.40,42.52
25/08/2026,15:01:00,40.120,3.228,801.800,-0.024,11.094,-0.360,33.450,0.050,669.040,22.110,1.416,442.000,-0.030,9.862,-0.600,1.312,0.057,26.280,87.200,6.656,1743.800,0.032,10.829,0.600,60.098,0.144,1201.800,4.750,0.352,95.000,-0.046,8.473,-0.760,4.770,0.000,95.280,437,1.41,42.72
25/08/2026,15:02:00,40.850,3.280,816.800,-0.034,11.119,-0.400,33.910,0.050,678.200,22.150,1.412,443.800,-0.012,9.854,-0.400,1.196,0.057,24.040,64.850,4.964,1296.800,0.026,10.793,0.400,47.490,0.112,949.880,4.250,0.296,84.600,-0.034,8.420,-0.920,4.088,0.000,81.880,434,1.40,42.42
25/08/2026,15:03:00,40.870,3.288,817.200,-0.026,11.098,-0.640,33.940,0.050,678.760,22.270,1.424,445.000,-0.024,9.856,-0.440,1.134,0.057,22.800,83.880,6.428,1677.400,0.028,10.760,0.600,48.770,0.118,975.280,3.930,0.300,78.600,-0.042,8.300,-0.600,3.136,0.000,62.520,435,1.40,42.52
25/08/2026,15:04:00,42.390,3.400,847.800,-0.018,11.092,-0.880,35.278,0.053,705.400,22.400,1.428,448.000,-0.030,9.842,-0.520,1.130,0.058,22.320,62.650,4.792,1253.200,0.032,10.783,0.600,56.018,0.139,1120.200,3.040,0.224,60.600,-0.036,8.137,-0.880,3.412,0.000,68.040,434,1.40,42.42
25/08/2026,15:05:00,43.330,3.484,866.400,-0.038,11.118,-0.560,36.794,0.055,735.640,22.280,1.424,445.200,-0.026,9.847,-0.560,1.122,0.058,22.200,85.250,6.528,1706.600,0.032,10.887,0.680,57.882,0.142,1157.840,3.470,0.276,69.800,-0.042,8.241,-0.640,3.464,0.000,69.560,436,1.41,42.62
25/08/2026,15:06:00,42.990,3.452,860.400,-0.042,11.114,-0.480,37.306,0.055,746.120,22.430,1.432,448.400,-0.038,9.867,-0.480,1.112,0.058,22.000,81.210,6.240,1624.800,0.034,10.829,0.440,54.860,0.136,1097.080,3.230,0.256,65.200,-0.056,8.177,-0.800,3.246,0.000,64.600,435,1.40,42.52
25/08/2026,15:07:00,42.970,3.452,859.000,-0.022,11.109,-0.600,37.590,0.055,751.760,22.510,1.440,449.800,-0.026,9.872,-0.640,1.042,0.058,21.080,80.990,6.220,1619.200,0.028,10.804,0.640,54.512,0.137,1089.800,3.240,0.256,65.400,-0.034,8.160,-0.840,3.230,0.000,64.480,435,1.40,42.52
25/08/2026,15:08:00,42.580,3.420,851.400,-0.034,11.121,-0.520,37.374,0.055,747.440,22.400,1.428,447.600,-0.032,9.865,-0.760,1.092,0.057,21.880,81.460,6.256,1628.600,0.024,10.847,0.720,54.622,0.136,1092.680,3.220,0.256,63.800,-0.048,8.158,-0.640,3.212,0.000,64.120,435,1.40,42.52
25/08/2026,15:09:00,42.520,3.416,850.600,-0.024,11.120,-0.720,37.422,0.056,748.440,22.380,1.428,447.000,-0.028,9.866,-0.320,1.140,0.057,22.520,81.520,6.256,1630.600,0.036,10.811,0.440,54.762,0.137,1095.120,3.200,0.256,64.600,-0.036,8.127,-0.840,3.180,0.000,63.800,435,1.40,42.52
25/08/2026,15:10:00,42.300,3.396,845.800,-0.024,11.093,-0.440,37.206,0.056,744.080,22.010,1.408,440.600,-0.024,9.849,-0.640,1.152,0.056,22.800,81.290,6.236,1625.800,0.030,10.786,0.720,53.996,0.134,1080.480,3.150,0.252,62.800,-0.034,8.086,-1.000,3.128,0.000,62.600,434,1.40,42.42
25/08/2026,15:11:00,42.580,3.420,851.400,-0.028,11.084,-0.640,37.312,0.056,746.280,21.990,1.408,440.000,-0.020,9.849,-0.600,1.056,0.056,21.360,82.160,6.296,1642.600,0.022,10.790,0.600,54.642,0.136,1092.880,3.130,0.252,62.600,-0.048,8.070,-0.920,3.142,0.000,62.520,435,1.40,42.52
25/08/2026,15:12:00,42.330,3.404,847.200,-0.040,11.088,-0.560,37.062,0.055,741.080,22.020,1.408,440.000,-0.036,9.835,-0.360,1.054,0.057,21.040,82.730,6.336,1654.000,0.034,10.791,0.640,55.162,0.138,1103.480,3.130,0.252,62.200,-0.036,8.052,-0.880,3.110,0.000,62.200,435,1.40,42.52
25/08/2026,15:13:00,42.490,3.412,849.600,-0.024,11.084,-0.680,37.004,0.055,739.880,22.070,1.412,441.400,-0.022,9.839,-0.640,1.034,0.056,20.720,83.170,6.380,1663.000,0.034,10.791,0.600,55.432,0.139,1108.680,3.110,0.256,62.600,-0.040,8.061,-0.720,3.108,0.000,62.240,435,1.40,42.52
25/08/2026,15:14:00,42.250,3.400,844.600,-0.028,11.066,-0.440,36.672,0.054,733.400,21.910,1.400,438.200,-0.030,9.840,-0.560,1.100,0.057,21.760,86.040,6.604,1720.600,0.034,10.798,0.320,54.828,0.138,1096.520,3.130,0.256,62.400,-0.046,8.063,-0.840,3.068,0.000,61.680,435,1.40,42.52
25/08/2026,15:15:00,42.200,3.392,843.800,-0.018,11.080,-0.280,36.380,0.053,727.880,21.700,1.388,434.200,-0.018,9.840,-0.480,1.080,0.056,21.680,82.430,6.320,1648.400,0.028,10.797,0.520,54.702,0.138,1094.160,3.070,0.248,60.800,-0.052,8.054,-0.720,3.052,0.000,61.080,436,1.41,42.62
25/08/2026,15:16:00,42.360,3.400,847.400,-0.038,11.061,-0.840,36.416,0.053,728.520,21.870,1.396,437.200,-0.030,9.829,-0.440,1.052,0.056,20.800,83.080,6.376,1661.400,0.034,10.775,0.640,55.184,0.140,1103.480,3.080,0.252,60.800,-0.040,8.058,-0.960,3.066,0.000,61.320,434,1.40,42.42
25/08/2026,15:17:00,42.130,3.388,842.800,-0.026,11.069,-1.000,36.130,0.053,722.840,21.660,1.384,433.000,-0.022,9.827,-0.480,0.972,0.055,19.400,83.660,6.420,1673.200,0.024,10.802,0.600,55.396,0.141,1108.000,3.030,0.252,61.000,-0.042,8.050,-0.880,3.048,0.000,60.520,435,1.40,42.52
25/08/2026,15:18:00,42.180,3.392,843.400,-0.026,11.053,-0.840,35.992,0.052,719.760,21.800,1.396,435.800,-0.022,9.812,-0.400,0.946,0.057,18.840,85.130,6.520,1702.800,0.026,10.783,0.560,56.388,0.144,1127.840,3.020,0.248,60.200,-0.044,8.038,-0.680,3.012,0.000,60.200,435,1.40,42.52
25/08/2026,15:19:00,41.800,3.356,835.800,-0.036,11.046,-0.600,35.604,0.053,712.080,21.850,1.392,437.400,-0.026,9.799,-0.560,0.896,0.055,18.000,84.010,6.444,1680.400,0.030,10.771,0.480,56.938,0.146,1138.600,2.970,0.248,59.800,-0.048,8.014,-1.080,2.954,0.000,59.400,435,1.40,42.52
25/08/2026,15:20:00,41.790,3.360,835.400,-0.032,11.041,-0.600,35.644,0.054,712.880,22.130,1.412,443.000,-0.016,9.802,-0.480,0.924,0.056,18.440,82.060,6.292,1641.200,0.026,10.764,0.840,55.780,0.142,1115.720,2.980,0.240,59.600,-0.040,8.014,-1.040,2.968,0.000,59.600,435,1.40,42.52
25/08/2026,15:21:00,41.800,3.360,836.800,-0.028,11.063,-0.720,35.692,0.052,713.400,22.230,1.412,444.400,-0.036,9.798,-0.440,0.964,0.056,19.200,79.330,6.084,1587.000,0.018,10.770,0.680,53.962,0.138,1079.200,2.950,0.236,59.000,-0.044,8.009,-0.840,2.958,0.000,59.320,435,1.40,42.52
25/08/2026,15:22:00,41.190,3.304,824.400,-0.034,11.035,-0.400,35.142,0.053,702.680,21.780,1.388,436.400,-0.028,9.774,-0.600,0.936,0.054,18.880,75.580,5.796,1511.200,0.016,10.752,0.760,51.430,0.130,1028.640,2.870,0.232,58.000,-0.040,7.966,-0.840,2.904,0.000,57.800,434,1.40,42.42
25/08/2026,15:23:00,40.490,3.252,810.400,-0.038,11.042,-0.640,34.664,0.052,693.240,21.350,1.360,427.000,-0.022,9.758,-0.480,0.888,0.054,17.760,72.200,5.548,1444.000,0.036,10.744,0.440,49.340,0.124,986.480,2.800,0.224,56.200,-0.054,7.929,-0.960,2.826,0.000,56.760,434,1.40,42.42
25/08/2026,15:24:00,39.490,3.168,789.800,-0.036,11.021,-0.560,33.618,0.050,672.480,20.590,1.308,412.000,-0.022,9.742,-0.560,0.866,0.051,17.040,69.240,5.332,1384.400,0.036,10.725,0.400,47.074,0.117,941.520,2.700,0.216,54.000,-0.032,7.856,-0.880,2.666,0.000,53.760,434,1.40,42.42
25/08/2026,15:25:00,37.400,3.004,748.800,-0.018,10.983,-0.840,31.936,0.045,638.880,18.990,1.208,380.400,-0.024,9.660,-0.440,0.772,0.045,15.480,65.070,5.012,1302.200,0.020,10.688,0.480,44.384,0.110,887.640,2.460,0.192,49.200,-0.046,7.734,-0.800,2.452,0.000,49.200,433,1.40,42.33
25/08/2026,15:26:00,35.960,2.884,720.200,-0.020,10.963,-0.520,30.774,0.044,615.480,18.280,1.160,365.400,-0.030,9.636,-0.520,0.734,0.043,14.800,63.360,4.904,1267.000,0.036,10.669,0.520,42.812,0.106,856.240,2.330,0.188,46.800,-0.032,7.670,-0.840,2.348,0.000,46.600,432,1.39,42.23
25/08/2026,15:27:00,31.600,2.528,631.600,-0.038,10.864,-0.640,26.960,0.036,539.240,15.170,0.964,304.000,-0.026,9.473,-0.720,0.586,0.030,11.800,56.170,4.348,1123.400,0.024,10.570,0.520,37.722,0.090,754.520,1.890,0.152,37.800,-0.042,7.358,-0.880,1.908,0.000,38.480,432,1.39,42.23
25/08/2026,15:28:00,30.280,2.428,605.600,-0.030,10.850,-0.680,25.848,0.034,517.200,14.660,0.928,292.800,-0.020,9.454,-0.440,0.562,0.031,11.120,54.430,4.220,1088.200,0.022,10.566,0.400,36.504,0.086,730.000,1.780,0.144,36.400,-0.034,7.286,-0.680,1.800,0.000,36.080,427,1.38,41.74
25/08/2026,15:29:00,28.250,2.260,564.800,-0.026,10.792,-0.680,24.020,0.030,480.040,13.160,0.832,263.200,-0.024,9.349,-0.640,0.488,0.026,10.080,51.780,4.012,1034.800,0.030,10.493,0.600,34.686,0.080,693.480,1.630,0.128,32.400,-0.044,7.095,-0.960,1.600,0.000,32.120,431,1.39,42.13
25/08/2026,15:30:00,23.060,1.844,461.200,-0.032,10.570,-0.600,19.474,0.024,389.680,9.450,0.600,189.200,-0.034,9.002,-0.560,0.344,0.012,6.960,41.010,3.216,820.200,0.028,10.283,0.680,27.588,0.061,551.520,1.120,0.088,22.200,-0.048,6.499,-0.760,1.112,0.000,22.200,430,1.39,42.03
25/08/2026,15:31:00,24.720,1.980,494.800,-0.032,10.693,-0.520,21.074,0.025,421.520,10.810,0.688,216.200,-0.026,9.180,-0.320,0.382,0.017,8.040,43.830,3.412,876.400,0.028,10.372,0.440,29.434,0.068,588.640,1.260,0.100,25.400,-0.050,6.725,-0.800,1.258,0.000,25.120,430,1.39,42.03
25/08/2026,15:32:00,25.380,2.032,507.200,-0.024,10.732,-0.600,21.494,0.026,430.080,11.200,0.716,224.000,-0.024,9.234,-0.680,0.432,0.020,8.240,45.670,3.564,913.800,0.018,10.414,0.440,30.446,0.070,609.200,1.310,0.100,26.400,-0.042,6.806,-0.720,1.286,0.000,25.640,427,1.38,41.74
25/08/2026,15:33:00,22.380,1.792,448.200,-0.034,10.612,-0.560,18.770,0.022,375.160,9.350,0.596,187.000,-0.036,9.044,-0.680,0.330,0.011,6.520,41.460,3.208,829.400,0.026,10.307,0.520,27.624,0.062,552.640,1.100,0.084,21.800,-0.044,6.501,-0.840,1.082,0.000,21.560,430,1.39,42.03
25/08/2026,15:34:00,21.860,1.748,437.200,-0.036,10.602,-0.880,18.476,0.021,369.640,9.020,0.572,179.800,-0.024,9.034,-0.320,0.318,0.010,6.320,41.010,3.176,820.000,0.026,10.307,0.560,27.654,0.062,553.200,1.060,0.084,21.200,-0.036,6.461,-0.880,1.060,0.000,21.400,429,1.38,41.94
25/08/2026,15:35:00,32.850,2.640,657.000,-0.034,11.060,-0.480,28.176,0.038,563.320,15.990,1.020,319.800,-0.030,9.686,-0.640,0.604,0.034,12.120,58.760,4.568,1176.000,0.024,10.744,0.720,39.316,0.101,786.360,1.850,0.148,36.600,-0.046,7.449,-0.960,1.880,0.000,37.480,432,1.39,42.23
25/08/2026,15:36:00,40.600,3.264,812.200,-0.022,11.188,-0.520,35.118,0.052,702.360,19.650,1.256,392.400,-0.030,9.893,-0.480,0.716,0.049,14.120,69.370,5.356,1387.200,0.028,10.865,0.760,46.974,0.125,939.680,2.310,0.188,46.400,-0.044,7.790,-0.920,2.302,0.000,46.200,434,1.40,42.42
25/08/2026,15:37:00,52.290,4.200,1045.600,-0.038,11.291,-0.600,44.574,0.069,891.440,24.300,1.564,486.000,-0.026,10.087,-0.440,0.996,0.063,19.920,78.560,6.056,1570.600,0.032,10.964,0.680,56.928,0.153,1138.640,2.800,0.228,56.800,-0.028,8.098,-0.640,2.836,0.000,56.640,436,1.41,42.62
25/08/2026,15:38:00,53.640,4.308,1072.800,-0.034,11.266,-0.880,46.520,0.073,930.560,23.390,1.516,467.600,-0.024,10.035,-0.640,0.900,0.060,17.600,81.890,6.316,1637.800,0.030,10.987,0.680,59.592,0.162,1191.720,2.760,0.232,55.400,-0.048,8.040,-0.840,2.744,0.000,54.880,436,1.41,42.62
25/08/2026,15:39:00,47.340,3.804,947.000,-0.026,11.204,-0.760,42.232,0.064,844.760,21.270,1.372,425.400,-0.032,9.942,-0.400,0.854,0.055,17.000,79.400,6.152,1588.000,0.032,10.919,0.520,57.242,0.154,1144.840,2.480,0.212,49.800,-0.038,7.884,-0.720,2.496,0.000,50.080,435,1.40,42.52
25/08/2026,15:40:00,44.470,3.568,888.800,-0.036,11.141,-0.560,38.010,0.055,759.960,19.830,1.280,396.600,-0.024,9.862,-0.800,0.776,0.048,15.320,79.880,6.160,1597.600,0.024,10.868,0.560,52.554,0.140,1050.960,2.320,0.200,46.000,-0.052,7.754,-0.840,2.278,0.000,45.400,434,1.40,42.42
25/08/2026,15:41:00,33.770,2.704,675.200,-0.024,10.925,-0.520,28.936,0.040,578.760,13.870,0.896,277.800,-0.024,9.522,-0.520,0.524,0.028,10.320,63.520,4.876,1270.400,0.024,10.688,0.560,40.752,0.105,814.960,1.650,0.144,33.000,-0.054,7.220,-1.000,1.650,0.000,32.760,432,1.39,42.23
25/08/2026,15:42:00,32.690,2.620,653.600,-0.022,10.908,-0.680,28.282,0.038,565.760,13.310,0.860,265.800,-0.038,9.508,-0.360,0.494,0.023,9.960,59.340,4.580,1187.000,0.026,10.650,0.560,38.398,0.093,768.040,1.570,0.132,31.200,-0.026,7.144,-0.920,1.580,0.000,31.480,432,1.39,42.23
25/08/2026,15:43:00,23.810,1.900,475.800,-0.032,10.582,-0.560,19.974,0.022,399.520,8.600,0.556,172.000,-0.030,9.022,-0.440,0.300,0.008,6.080,44.910,3.488,898.200,0.026,10.380,0.640,28.852,0.071,577.080,1.090,0.096,22.000,-0.054,6.522,-1.000,1.086,0.000,21.920,430,1.39,42.03
25/08/2026,15:44:00,29.530,2.356,590.000,-0.026,10.841,-0.600,25.416,0.032,508.120,11.350,0.732,227.000,-0.032,9.366,-0.400,0.416,0.020,8.520,49.920,3.892,997.800,0.022,10.585,0.240,32.514,0.080,650.120,1.340,0.112,27.200,-0.038,6.915,-0.680,1.344,0.000,27.160,431,1.39,42.13
25/08/2026,15:45:00,30.440,2.436,609.000,-0.028,10.912,-0.840,26.392,0.034,527.720,11.780,0.760,235.600,-0.032,9.457,-0.400,0.444,0.021,8.840,50.540,3.932,1011.000,0.034,10.646,0.320,33.194,0.082,663.840,1.410,0.116,28.000,-0.034,7.028,-0.840,1.414,0.000,28.520,432,1.39,42.23
25/08/2026,15:46:00,36.970,2.960,739.400,-0.028,11.051,-0.800,32.170,0.044,643.600,14.610,0.944,292.200,-0.030,9.674,-0.880,0.550,0.030,10.880,57.720,4.460,1155.000,0.034,10.767,0.560,37.838,0.096,756.960,1.720,0.140,34.600,-0.050,7.338,-1.000,1.728,0.000,34.520,432,1.39,42.23
25/08/2026,15:47:00,44.290,3.548,886.400,-0.022,11.171,-0.400,38.644,0.057,772.760,17.670,1.148,354.200,-0.028,9.860,-0.480,0.688,0.042,13.320,66.470,5.172,1329.400,0.022,10.873,0.440,43.526,0.113,870.840,2.070,0.168,41.600,-0.042,7.622,-0.640,2.074,0.000,41.680,433,1.40,42.33
25/08/2026,15:48:00,60.020,4.812,1200.000,-0.030,11.322,-0.800,52.252,0.085,1044.960,24.050,1.568,481.000,-0.016,10.125,-0.560,1.032,0.060,20.920,86.420,6.648,1728.800,0.032,11.043,0.440,56.156,0.151,1123.240,2.790,0.240,55.800,-0.046,8.070,-1.040,2.810,0.000,56.080,436,1.41,42.62
25/08/2026,15:49:00,63.720,5.112,1274.000,-0.026,11.308,-0.480,55.616,0.088,1112.520,24.800,1.624,496.000,-0.020,10.126,-0.560,1.108,0.064,22.160,95.310,7.208,1905.800,0.034,11.038,0.680,61.882,0.166,1237.520,2.950,0.256,59.000,-0.040,8.133,-0.680,2.930,0.000,58.880,437,1.41,42.72
25/08/2026,15:50:00,65.110,5.220,1302.200,-0.018,11.270,-0.480,56.296,0.092,1126.120,24.650,1.624,492.800,-0.022,10.094,-0.360,1.084,0.064,21.680,98.380,7.460,1967.800,0.022,11.018,0.560,64.878,0.173,1297.760,2.920,0.260,59.200,-0.034,8.115,-0.680,2.940,0.000,59.000,437,1.41,42.72
25/08/2026,15:51:00,67.110,5.380,1342.600,-0.032,11.258,-0.680,58.528,0.096,1170.480,24.660,1.628,493.200,-0.032,10.074,-0.640,1.028,0.065,20.040,98.440,7.472,1968.800,0.028,11.010,0.600,65.606,0.177,1312.200,2.960,0.264,59.600,-0.038,8.107,-0.960,2.966,0.000,59.200,437,1.41,42.72
25/08/2026,15:52:00,68.520,5.488,1370.000,-0.030,11.223,-0.440,59.846,0.096,1196.960,24.280,1.604,486.200,-0.030,10.042,-0.600,1.014,0.064,20.320,97.300,7.380,1946.200,0.022,10.990,0.400,63.426,0.170,1268.400,2.960,0.260,59.400,-0.044,8.084,-0.920,2.972,0.000,59.480,438,1.41,42.82
25/08/2026,15:53:00,67.670,5.420,1353.000,-0.022,11.195,-0.480,58.616,0.096,1171.960,23.620,1.560,471.800,-0.040,9.999,-0.680,0.948,0.059,19.200,89.230,6.776,1784.200,0.022,10.969,0.760,58.370,0.156,1167.000,2.930,0.252,58.200,-0.042,8.040,-0.800,2.914,0.000,58.400,436,1.41,42.62
25/08/2026,15:54:00,62.160,4.976,1243.400,-0.028,11.131,-0.520,52.230,0.081,1044.480,20.910,1.380,418.400,-0.022,9.882,-0.680,0.806,0.050,16.320,77.670,5.900,1554.000,0.026,10.908,0.600,50.888,0.134,1017.600,2.650,0.220,53.000,-0.038,7.862,-1.120,2.630,0.000,52.600,435,1.40,42.52
25/08/2026,15:55:00,66.840,5.348,1336.800,-0.032,11.179,-0.440,58.104,0.094,1162.120,22.660,1.492,452.600,-0.030,9.967,-0.360,0.974,0.057,19.440,77.350,5.864,1547.200,0.030,10.948,0.520,51.042,0.134,1020.880,2.850,0.232,56.600,-0.044,7.948,-0.920,2.856,0.000,57.000,435,1.40,42.52
25/08/2026,15:56:00,71.780,5.744,1435.800,-0.030,11.192,-0.640,61.188,0.100,1223.840,23.760,1.576,475.000,-0.028,10.006,-0.480,1.024,0.059,20.320,76.100,5.768,1521.400,0.024,10.960,0.480,49.622,0.132,992.480,2.960,0.240,58.800,-0.050,7.985,-0.760,2.944,0.000,59.080,437,1.41,42.72
25/08/2026,15:57:00,70.650,5.656,1412.800,-0.022,11.165,-0.640,60.406,0.096,1208.000,23.550,1.568,471.600,-0.042,9.997,-0.560,0.958,0.060,18.920,73.790,5.608,1476.200,0.012,10.922,0.600,48.056,0.127,961.120,2.910,0.232,58.800,-0.034,7.946,-0.840,2.934,0.000,58.840,437,1.41,42.72
25/08/2026,15:58:00,68.820,5.508,1376.600,-0.040,11.142,-0.560,58.690,0.094,1173.880,23.130,1.536,462.800,-0.022,9.973,-0.520,0.916,0.058,18.560,70.700,5.372,1414.200,0.022,10.897,0.560,45.970,0.121,919.640,2.890,0.232,57.600,-0.042,7.897,-0.880,2.884,0.000,57.720,435,1.40,42.52
25/08/2026,15:59:00,67.020,5.364,1340.800,-0.030,11.119,-0.520,57.258,0.092,1145.440,22.710,1.504,454.200,-0.026,9.951,-0.640,0.876,0.058,17.720,70.440,5.356,1408.200,0.018,10.880,0.600,45.752,0.121,915.160,2.850,0.224,57.200,-0.048,7.854,-0.760,2.828,0.000,56.520,435,1.40,42.52
25/08/2026,16:00:00,65.400,5.232,1308.200,-0.036,11.110,-0.720,55.870,0.091,1117.640,22.340,1.476,446.400,-0.032,9.939,-0.360,0.934,0.053,18.520,72.830,5.536,1456.200,0.030,10.882,0.760,47.050,0.127,941.120,2.770,0.224,56.000,-0.048,7.829,-0.800,2.806,0.000,56.240,444,1.43,43.40
25/08/2026,16:01:00,65.160,5.220,1303.200,-0.016,11.119,-0.560,55.590,0.090,1111.720,22.350,1.476,447.000,-0.038,9.938,-0.680,0.970,0.054,19.040,69.780,5.308,1395.800,0.022,10.861,0.680,46.664,0.125,933.200,2.800,0.216,55.800,-0.040,7.823,-0.800,2.810,0.000,56.240,436,1.41,42.62
25/08/2026,16:02:00,64.410,5.152,1288.000,-0.036,11.116,-0.480,54.890,0.088,1097.880,22.270,1.468,445.800,-0.032,9.930,-0.480,0.874,0.055,17.480,65.600,4.988,1312.200,0.026,10.860,0.480,43.834,0.114,876.720,2.800,0.216,56.600,-0.038,7.803,-0.800,2.796,0.000,56.080,435,1.40,42.52
25/08/2026,16:03:00,63.420,5.072,1267.800,-0.030,11.088,-0.520,54.092,0.086,1081.920,22.180,1.460,443.400,-0.022,9.924,-0.480,0.962,0.054,18.960,61.960,4.704,1238.800,0.024,10.838,0.480,41.446,0.108,828.760,2.820,0.212,55.800,-0.038,7.782,-0.720,2.778,0.000,55.760,434,1.40,42.42
25/08/2026,16:04:00,62.970,5.036,1259.200,-0.028,11.077,-0.480,53.708,0.084,1074.280,22.170,1.460,443.800,-0.024,9.926,-0.680,0.992,0.054,19.800,60.340,4.592,1206.800,0.024,10.836,0.680,40.146,0.106,802.640,2.790,0.208,55.600,-0.038,7.771,-0.440,2.794,0.000,55.880,435,1.40,42.52
25/08/2026,16:05:00,61.930,4.952,1238.000,-0.022,11.075,-0.480,52.822,0.083,1056.280,22.040,1.448,440.600,-0.032,9.914,-0.440,1.004,0.054,19.760,60.950,4.640,1218.400,0.026,10.834,0.680,40.420,0.108,808.480,2.780,0.208,55.400,-0.048,7.753,-0.960,2.782,0.000,55.680,434,1.40,42.42
25/08/2026,16:06:00,60.730,4.856,1214.800,-0.024,11.053,-0.520,51.742,0.082,1034.720,21.790,1.432,436.000,-0.024,9.902,-0.440,0.972,0.052,19.640,60.550,4.620,1210.400,0.018,10.813,0.760,42.054,0.112,841.120,2.780,0.208,55.400,-0.030,7.750,-0.520,2.764,0.000,55.280,435,1.40,42.52
25/08/2026,16:07:00,59.560,4.764,1191.000,-0.038,11.049,-0.600,50.738,0.080,1014.440,21.620,1.416,432.600,-0.038,9.894,-0.560,0.966,0.053,19.240,59.050,4.500,1180.800,0.028,10.802,0.680,41.332,0.109,826.760,2.800,0.208,56.200,-0.046,7.765,-0.960,2.830,0.000,56.600,434,1.40,42.42
25/08/2026,16:08:00,58.710,4.696,1174.200,-0.030,11.045,-0.520,50.020,0.078,1000.320,21.560,1.412,430.800,-0.020,9.888,-0.640,0.944,0.052,19.160,59.170,4.508,1183.800,0.026,10.799,0.440,41.334,0.112,826.480,2.910,0.212,58.600,-0.040,7.794,-0.920,2.924,0.000,58.720,434,1.40,42.42
25/08/2026,16:09:00,57.350,4.588,1146.600,-0.032,11.038,-0.560,48.804,0.076,976.120,21.360,1.396,426.200,-0.012,9.877,-0.600,0.918,0.052,18.400,61.920,4.712,1237.600,0.030,10.804,0.480,43.178,0.116,863.680,2.930,0.216,59.200,-0.046,7.803,-0.480,2.948,0.000,59.120,434,1.40,42.42
25/08/2026,16:10:00,56.240,4.504,1124.800,-0.032,11.039,-0.720,47.832,0.075,956.480,21.110,1.384,422.800,-0.034,9.864,-0.760,0.932,0.052,18.400,66.740,5.076,1335.000,0.028,10.812,0.280,46.362,0.126,927.520,2.900,0.224,58.600,-0.036,7.790,-0.840,2.926,0.000,58.600,434,1.40,42.42
25/08/2026,16:11:00,55.270,4.428,1105.200,-0.026,11.033,-0.440,46.956,0.074,939.080,20.940,1.372,419.400,-0.026,9.862,-0.640,0.904,0.051,18.040,71.920,5.456,1437.600,0.036,10.814,0.680,49.778,0.138,995.760,2.880,0.228,58.400,-0.050,7.768,-0.880,2.904,0.000,58.200,435,1.40,42.52
25/08/2026,16:12:00,54.670,4.380,1093.000,-0.036,11.019,-0.800,46.456,0.073,929.240,20.950,1.372,419.600,-0.036,9.863,-0.520,0.918,0.053,18.600,77.410,5.872,1548.400,0.028,10.812,0.520,53.286,0.149,1066.160,2.870,0.232,57.400,-0.036,7.742,-0.720,2.882,0.000,57.720,434,1.40,42.42
25/08/2026,16:13:00,53.610,4.296,1072.200,-0.040,11.012,-0.760,45.558,0.071,911.200,20.810,1.368,416.800,-0.028,9.854,-0.520,0.902,0.051,18.040,82.590,6.268,1651.600,0.028,10.815,0.480,56.500,0.159,1129.640,2.820,0.236,56.800,-0.044,7.715,-0.680,2.860,0.000,57.280,435,1.40,42.52
25/08/2026,16:14:00,52.830,4.240,1056.600,-0.032,11.024,-0.600,44.886,0.070,897.760,20.750,1.356,414.800,-0.034,9.846,-0.640,0.862,0.050,17.200,87.640,6.660,1752.000,0.030,10.834,0.360,57.920,0.166,1158.240,2.830,0.240,56.600,-0.038,7.715,-0.800,2.854,0.000,56.960,435,1.40,42.52
25/08/2026,16:15:00,51.450,4.124,1028.200,-0.018,11.008,-0.880,43.644,0.066,872.840,20.570,1.336,411.000,-0.026,9.836,-0.600,0.818,0.050,16.640,76.270,5.792,1526.000,0.042,10.815,0.400,51.564,0.143,1031.440,2.820,0.228,56.600,-0.042,7.704,-1.000,2.814,0.000,56.120,434,1.40,42.42
25/08/2026,16:16:00,50.510,4.048,1010.000,-0.030,11.009,-0.640,42.958,0.066,859.360,20.560,1.332,411.200,-0.034,9.838,-0.520,0.812,0.049,16.480,68.090,5.180,1361.800,0.034,10.810,0.640,46.940,0.128,938.840,2.760,0.220,55.000,-0.048,7.689,-0.640,2.766,0.000,55.560,434,1.40,42.42
25/08/2026,16:17:00,50.020,4.008,1000.400,-0.026,11.020,-0.560,42.406,0.064,848.360,20.630,1.340,412.600,-0.026,9.838,-0.560,0.846,0.050,17.000,66.880,5.084,1337.200,0.036,10.808,0.360,45.910,0.126,917.960,2.760,0.208,55.000,-0.044,7.690,-0.760,2.740,0.000,54.920,434,1.40,42.42
25/08/2026,16:18:00,47.170,3.780,943.000,-0.024,11.003,-0.720,40.030,0.060,800.480,19.660,1.272,394.000,-0.024,9.822,-0.400,0.776,0.046,15.200,64.610,4.928,1292.400,0.034,10.794,0.400,44.370,0.122,887.120,2.610,0.204,52.600,-0.046,7.618,-0.760,2.622,0.000,52.520,433,1.40,42.33
25/08/2026,16:19:00,42.690,3.416,853.400,-0.032,10.930,-0.680,36.042,0.052,720.880,18.010,1.164,360.400,-0.034,9.724,-0.440,0.688,0.041,13.960,59.700,4.576,1194.200,0.026,10.720,0.720,38.794,0.104,776.040,2.420,0.184,48.200,-0.044,7.471,-1.120,2.394,0.000,47.920,433,1.40,42.33
25/08/2026,16:20:00,33.240,2.660,665.000,-0.040,10.774,-0.400,27.570,0.036,551.600,14.020,0.900,280.400,-0.036,9.478,-0.520,0.506,0.029,10.520,49.140,3.752,982.600,0.020,10.562,0.680,32.954,0.087,659.280,1.850,0.140,36.600,-0.048,7.064,-0.760,1.800,0.000,36.000,431,1.39,42.13
25/08/2026,16:21:00,28.380,2.272,568.000,-0.030,10.684,-0.400,24.170,0.031,483.200,11.840,0.760,237.400,-0.032,9.336,-0.640,0.444,0.022,9.120,45.730,3.520,914.800,0.038,10.476,0.600,31.190,0.080,623.720,1.570,0.120,31.600,-0.044,6.842,-0.760,1.582,0.000,31.800,430,1.39,42.03
25/08/2026,16:22:00,38.520,3.080,770.200,-0.020,10.934,-0.600,32.498,0.046,649.840,16.800,1.076,335.800,-0.032,9.680,-0.520,0.640,0.038,12.880,51.070,3.952,1021.800,0.020,10.686,0.680,35.542,0.094,710.920,2.260,0.164,45.000,-0.042,7.424,-0.960,2.250,0.000,45.120,431,1.39,42.13
25/08/2026,16:23:00,43.610,3.496,872.600,-0.030,11.011,-0.600,36.540,0.053,731.000,19.390,1.244,388.200,-0.028,9.818,-0.680,0.748,0.044,14.760,58.100,4.460,1161.600,0.030,10.768,0.480,39.554,0.108,791.080,2.710,0.200,54.600,-0.046,7.706,-1.000,2.660,0.000,53.200,433,1.40,42.33
25/08/2026,16:24:00,37.680,3.020,753.800,-0.028,10.932,-0.280,32.090,0.046,641.760,16.800,1.076,336.200,-0.030,9.682,-0.600,0.670,0.036,13.040,54.560,4.180,1091.800,0.034,10.702,0.440,37.424,0.098,748.440,2.290,0.172,45.800,-0.040,7.497,-0.840,2.304,0.000,46.240,433,1.40,42.33
25/08/2026,16:25:00,27.640,2.212,553.600,-0.040,10.686,-0.720,23.158,0.028,463.440,11.910,0.764,238.400,-0.032,9.310,-0.560,0.446,0.020,8.840,47.630,3.648,952.800,0.034,10.485,0.720,29.974,0.075,599.280,1.610,0.124,32.000,-0.048,6.924,-0.840,1.592,0.000,32.000,430,1.39,42.03
25/08/2026,16:26:00,37.060,2.972,741.200,-0.026,10.944,-0.600,31.510,0.044,630.240,17.010,1.088,340.400,-0.036,9.705,-0.560,0.680,0.038,13.280,54.540,4.188,1090.600,0.024,10.720,0.640,34.600,0.091,691.880,2.300,0.172,45.800,-0.034,7.493,-0.920,2.292,0.000,45.960,432,1.39,42.23
25/08/2026,16:27:00,40.810,3.268,816.400,-0.024,10.999,-0.680,34.598,0.050,691.960,19.320,1.236,386.200,-0.026,9.817,-0.600,0.750,0.046,15.120,52.790,4.044,1055.600,0.034,10.785,0.720,33.424,0.088,668.240,2.570,0.192,51.800,-0.044,7.666,-0.920,2.594,0.000,51.800,431,1.39,42.13
25/08/2026,16:28:00,38.930,3.116,777.800,-0.042,10.966,-0.840,32.992,0.046,660.000,18.570,1.180,371.000,-0.018,9.780,-0.640,0.716,0.044,14.280,49.750,3.816,995.400,0.030,10.758,0.560,31.928,0.083,638.560,2.440,0.176,49.000,-0.036,7.582,-0.800,2.450,0.000,49.200,430,1.39,42.03
25/08/2026,16:29:00,35.000,2.808,699.800,-0.034,10.887,-0.480,29.460,0.041,589.240,16.650,1.064,333.200,-0.020,9.670,-0.640,0.638,0.035,12.600,56.630,4.344,1132.000,0.036,10.687,0.520,36.226,0.096,724.400,2.120,0.164,42.600,-0.034,7.370,-0.880,2.106,0.000,42.400,431,1.39,42.13
25/08/2026,16:30:00,15.290,1.220,306.000,-0.030,10.156,-0.600,12.476,0.012,249.600,6.220,0.392,124.200,-0.036,8.573,-0.680,0.204,0.000,4.120,37.690,2.896,753.200,0.046,10.058,0.520,23.586,0.056,471.760,0.810,0.064,16.200,-0.048,5.819,-0.760,0.788,0.000,15.920,427,1.38,41.74
25/08/2026,16:31:00,12.660,1.012,253.600,-0.024,10.006,-0.600,10.632,0.006,212.840,4.940,0.316,99.200,-0.036,8.314,-0.640,0.162,0.000,3.200,34.000,2.592,680.200,0.022,9.945,0.600,21.516,0.050,430.360,0.660,0.052,13.200,-0.044,5.565,-0.880,0.674,0.000,13.520,427,1.38,41.74
25/08/2026,16:32:00,14.080,1.124,281.400,-0.034,10.148,-0.680,11.640,0.008,232.640,5.650,0.356,112.800,-0.028,8.516,-0.680,0.192,0.000,3.760,36.770,2.828,735.600,0.036,10.058,0.680,22.888,0.054,457.800,0.710,0.060,14.600,-0.052,5.724,-0.840,0.728,0.000,14.640,427,1.38,41.74
25/08/2026,16:33:00,13.620,1.084,272.400,-0.044,10.158,-0.520,11.654,0.008,233.200,5.370,0.340,106.800,-0.030,8.514,-0.520,0.200,0.000,3.520,36.020,2.764,719.800,0.026,10.076,0.800,23.002,0.055,460.040,0.730,0.060,14.400,-0.056,5.737,-0.840,0.744,0.000,15.080,427,1.38,41.74
25/08/2026,16:34:00,11.490,0.916,229.600,-0.024,9.948,-0.720,9.470,0.003,189.400,4.350,0.272,86.800,-0.022,8.198,-0.840,0.136,0.000,2.600,30.510,2.352,610.000,0.028,9.882,0.600,18.886,0.042,377.600,0.600,0.044,12.000,-0.056,5.404,-0.960,0.588,0.000,11.800,426,1.37,41.64
25/08/2026,16:35:00,10.850,0.864,216.800,-0.044,9.908,-0.520,8.972,0.002,179.560,4.030,0.252,81.000,-0.038,8.124,-0.520,0.130,0.000,2.520,28.760,2.216,575.200,0.022,9.853,0.520,17.898,0.040,358.040,0.570,0.044,11.200,-0.042,5.322,-1.040,0.542,0.000,11.120,426,1.37,41.64
25/08/2026,16:36:00,11.150,0.892,223.000,-0.038,9.959,-0.560,9.332,0.003,186.600,4.190,0.260,83.800,-0.030,8.200,-0.840,0.128,0.000,2.560,29.240,2.292,584.600,0.028,9.895,0.640,18.288,0.042,365.680,0.590,0.044,11.400,-0.034,5.402,-1.040,0.554,0.000,11.240,426,1.37,41.64
25/08/2026,16:37:00,10.960,0.872,219.200,-0.026,9.948,-0.880,9.090,0.004,181.960,4.050,0.256,81.000,-0.024,8.152,-0.480,0.116,0.000,2.440,28.650,2.236,573.600,0.032,9.884,0.520,17.812,0.040,356.440,0.570,0.036,10.600,-0.050,5.394,-0.800,0.562,0.000,10.960,426,1.37,41.64
25/08/2026,16:38:00,11.020,0.880,220.600,-0.026,9.962,-0.560,9.140,0.004,182.680,4.090,0.252,81.000,-0.034,8.154,-0.520,0.110,0.000,2.480,28.630,2.228,573.000,0.028,9.898,0.440,17.740,0.039,354.680,0.550,0.044,11.200,-0.054,5.453,-1.040,0.572,0.000,11.240,426,1.37,41.64
25/08/2026,16:39:00,11.100,0.888,222.400,-0.026,9.986,-0.840,9.212,0.002,184.480,4.120,0.260,82.400,-0.026,8.173,-0.520,0.128,0.000,2.240,29.020,2.256,580.000,0.032,9.954,0.520,17.970,0.041,359.200,0.570,0.044,11.600,-0.052,5.532,-0.640,0.576,0.000,11.840,425,1.37,41.54
25/08/2026,16:40:00,11.200,0.896,224.000,-0.034,10.003,-0.520,9.194,0.002,184.080,4.130,0.260,82.400,-0.028,8.189,-0.640,0.124,0.000,2.280,29.640,2.292,592.600,0.030,9.981,0.560,18.336,0.043,366.960,0.610,0.044,12.600,-0.046,5.601,-0.720,0.600,0.000,11.960,427,1.38,41.74
25/08/2026,16:41:00,11.220,0.896,223.800,-0.030,10.020,-0.640,9.206,0.002,183.840,4.150,0.264,82.600,-0.032,8.202,-0.480,0.138,0.000,2.280,30.120,2.324,602.200,0.026,9.995,0.800,18.564,0.042,371.240,0.610,0.040,12.200,-0.054,5.630,-1.040,0.608,0.000,12.280,427,1.38,41.74
25/08/2026,16:42:00,11.290,0.900,225.800,-0.024,10.040,-0.640,9.270,0.004,185.240,4.130,0.264,82.400,-0.018,8.219,-0.400,0.126,0.000,2.360,30.000,2.312,599.800,0.016,10.006,0.640,18.382,0.042,367.840,0.610,0.044,12.400,-0.046,5.626,-0.920,0.600,0.000,12.200,427,1.38,41.74
25/08/2026,16:43:00,11.390,0.908,227.600,-0.036,10.056,-0.840,9.386,0.005,187.440,4.140,0.264,83.200,-0.040,8.247,-0.680,0.138,0.000,2.520,30.220,2.332,605.000,0.032,10.021,0.600,18.532,0.043,370.560,0.590,0.044,11.800,-0.044,5.628,-1.000,0.602,0.000,12.120,433,1.40,42.33
25/08/2026,16:44:00,13.340,1.068,266.600,-0.022,10.356,-0.800,11.200,0.008,224.040,5.370,0.344,107.200,-0.022,8.646,-0.560,0.186,0.001,3.600,35.490,2.736,710.000,0.036,10.321,0.640,22.144,0.054,442.920,0.890,0.068,17.600,-0.050,6.206,-0.920,0.922,0.000,18.800,426,1.37,41.64
25/08/2026,16:45:00,15.160,1.212,303.000,-0.032,10.524,-0.720,12.484,0.009,249.640,6.140,0.392,122.600,-0.036,8.895,-0.520,0.220,0.001,4.640,37.560,2.860,751.800,0.024,10.592,0.280,23.990,0.061,479.840,1.350,0.096,27.000,-0.042,6.860,-1.080,1.376,0.000,27.520,427,1.38,41.74
25/08/2026,16:46:00,15.590,1.248,311.600,-0.028,10.554,-0.840,12.792,0.011,255.840,6.040,0.388,121.400,-0.028,8.947,-0.440,0.238,0.000,4.880,36.950,2.824,740.200,0.022,10.534,0.480,23.000,0.057,460.120,1.330,0.096,26.200,-0.038,6.786,-0.720,1.306,0.000,26.320,427,1.38,41.74
25/08/2026,16:47:00,15.300,1.228,306.200,-0.028,10.529,-0.600,12.574,0.009,251.360,5.860,0.372,116.200,-0.040,8.910,-0.520,0.248,0.000,4.720,36.090,2.748,722.000,0.030,10.474,0.520,22.490,0.055,449.400,1.230,0.084,24.600,-0.038,6.687,-0.840,1.228,0.000,24.400,428,1.38,41.84
25/08/2026,16:48:00,13.630,1.088,273.000,-0.036,10.397,-0.440,11.170,0.006,223.200,5.130,0.328,101.800,-0.030,8.702,-0.600,0.194,0.000,3.960,33.850,2.584,676.800,0.028,10.440,0.720,20.974,0.051,419.480,1.130,0.080,22.000,-0.038,6.548,-0.960,1.128,0.000,22.480,426,1.37,41.64
25/08/2026,16:49:00,12.380,0.988,247.000,-0.042,10.288,-0.480,10.152,0.006,202.840,4.730,0.300,94.400,-0.028,8.568,-0.400,0.186,0.000,3.560,32.530,2.476,650.400,0.030,10.438,0.760,20.134,0.047,402.600,1.070,0.076,21.000,-0.042,6.445,-1.080,1.062,0.000,21.080,426,1.37,41.64
25/08/2026,16:50:00,12.400,0.992,247.800,-0.022,10.297,-0.760,10.178,0.006,203.480,4.750,0.300,95.200,-0.034,8.603,-0.480,0.200,0.000,3.880,33.020,2.516,660.600,0.028,10.495,0.680,20.260,0.050,405.280,1.150,0.084,23.400,-0.040,6.558,-0.840,1.148,0.000,23.000,426,1.37,41.64
25/08/2026,16:51:00,11.360,0.904,227.000,-0.022,10.185,-0.600,9.306,0.004,185.920,4.300,0.272,86.400,-0.028,8.447,-0.680,0.180,0.000,3.400,31.150,2.372,623.200,0.030,10.394,0.400,19.046,0.042,380.920,0.990,0.068,20.000,-0.032,6.294,-0.680,0.984,0.000,19.520,426,1.37,41.64
25/08/2026,16:52:00,10.020,0.800,200.200,-0.034,10.051,-0.680,8.226,0.002,164.040,3.770,0.236,75.800,-0.018,8.260,-0.520,0.148,0.000,3.160,29.060,2.236,580.400,0.032,10.247,0.760,17.768,0.042,355.320,0.800,0.052,15.800,-0.052,5.938,-1.000,0.778,0.000,15.560,427,1.38,41.74
25/08/2026,16:53:00,9.550,0.764,191.400,-0.038,10.016,-0.400,7.828,0.002,156.680,3.620,0.228,72.200,-0.032,8.219,-0.640,0.148,0.000,2.720,27.470,2.120,549.600,0.030,10.218,0.560,16.738,0.038,334.640,0.740,0.048,15.000,-0.038,5.838,-0.960,0.722,0.000,14.200,425,1.37,41.54
25/08/2026,16:54:00,9.040,0.720,180.800,-0.036,9.938,-0.440,7.418,0.000,148.320,3.370,0.212,67.000,-0.026,8.103,-0.320,0.124,0.000,2.800,26.070,2.004,521.000,0.032,10.176,0.640,15.900,0.036,318.080,0.670,0.044,13.000,-0.044,5.729,-0.880,0.668,0.000,13.160,425,1.37,41.54
25/08/2026,16:55:00,8.090,0.640,161.600,-0.032,9.790,-0.280,6.616,0.000,132.480,2.970,0.188,59.800,-0.032,7.867,-0.440,0.120,0.000,2.240,22.800,1.740,455.400,0.032,9.895,0.520,13.874,0.029,277.520,0.460,0.024,9.600,-0.036,5.205,-0.800,0.476,0.000,9.240,425,1.37,41.54
25/08/2026,16:56:00,7.440,0.592,149.000,-0.032,9.728,-0.520,6.108,0.000,122.000,2.770,0.172,55.800,-0.032,7.777,-0.400,0.098,0.000,2.200,21.320,1.644,427.000,0.024,9.910,0.560,13.020,0.026,260.280,0.470,0.024,9.000,-0.046,5.178,-0.840,0.466,0.000,9.360,424,1.37,41.45
25/08/2026,16:57:00,7.570,0.604,151.200,-0.030,9.734,-0.400,6.228,0.000,124.480,2.830,0.172,56.800,-0.034,7.822,-0.680,0.116,0.000,1.920,21.230,1.632,424.600,0.024,9.962,0.320,12.912,0.026,257.960,0.480,0.028,9.800,-0.044,5.261,-1.040,0.488,0.000,9.600,424,1.37,41.45
25/08/2026,16:58:00,8.520,0.680,170.400,-0.032,9.870,-0.600,7.030,0.000,140.440,3.200,0.200,64.000,-0.034,8.006,-0.720,0.144,0.000,2.680,23.610,1.820,472.200,0.038,10.104,0.440,14.478,0.030,289.600,0.570,0.036,11.600,-0.042,5.527,-0.960,0.580,0.000,11.560,425,1.37,41.54
25/08/2026,16:59:00,9.160,0.732,183.200,-0.030,9.952,-0.520,7.530,0.001,150.640,3.450,0.216,69.000,-0.032,8.103,-0.520,0.148,0.000,2.840,25.440,1.960,509.000,0.038,10.152,0.600,15.522,0.034,310.400,0.610,0.036,11.800,-0.048,5.641,-0.800,0.612,0.000,12.200,423,1.36,41.35
25/08/2026,17:00:00,9.240,0.740,184.400,-0.022,9.973,-0.680,7.606,0.002,151.680,3.480,0.220,69.400,-0.030,8.122,-0.520,0.150,0.000,2.960,25.660,1.972,513.400,0.026,10.154,0.560,15.608,0.034,312.080,0.610,0.044,12.000,-0.048,5.618,-0.960,0.596,0.000,12.080,425,1.37,41.54
25/08/2026,17:01:00,8.250,0.656,165.200,-0.034,9.838,-0.600,6.744,0.001,134.840,3.080,0.192,61.400,-0.034,7.922,-0.480,0.126,0.000,2.640,22.350,1.716,447.200,0.032,9.955,0.400,13.516,0.028,270.320,0.470,0.028,9.000,-0.046,5.238,-0.680,0.474,0.000,9.440,423,1.36,41.35
25/08/2026,17:02:00,6.830,0.540,136.200,-0.032,9.615,-0.800,5.576,0.000,111.400,2.530,0.156,50.600,-0.026,7.614,-0.680,0.100,0.000,2.080,18.170,1.388,363.400,0.024,9.689,0.280,10.958,0.018,219.240,0.350,0.020,7.000,-0.054,4.817,-0.840,0.358,0.000,7.000,422,1.36,41.25
25/08/2026,17:03:00,6.140,0.484,123.000,-0.030,9.478,-0.880,5.028,0.000,100.560,2.270,0.136,45.200,-0.024,7.441,-0.440,0.096,0.000,1.760,15.470,1.180,309.800,0.030,9.518,0.360,9.356,0.013,187.000,0.290,0.012,6.200,-0.052,4.541,-0.880,0.284,0.000,5.920,423,1.36,41.35
25/08/2026,17:04:00,6.500,0.516,130.000,-0.036,9.543,-0.720,5.346,0.000,107.080,2.390,0.144,47.600,-0.036,7.550,-0.760,0.102,0.000,2.040,15.970,1.220,319.200,0.036,9.565,0.360,9.694,0.016,193.800,0.310,0.008,6.000,-0.054,4.612,-1.080,0.306,0.000,6.200,424,1.37,41.45
25/08/2026,17:05:00,6.870,0.540,137.200,-0.036,9.590,-0.440,5.626,0.000,112.640,2.480,0.152,49.400,-0.036,7.606,-0.960,0.106,0.000,2.320,16.320,1.256,326.600,0.018,9.575,0.320,9.868,0.016,197.680,0.290,0.012,6.200,-0.044,4.612,-1.200,0.300,0.000,6.320,423,1.36,41.35
25/08/2026,17:06:00,6.640,0.520,132.400,-0.030,9.546,-0.480,5.436,0.000,108.560,2.380,0.144,46.800,-0.034,7.527,-0.400,0.084,0.000,1.960,15.640,1.204,312.800,0.038,9.522,0.640,9.418,0.014,188.360,0.270,0.012,5.400,-0.050,4.534,-1.240,0.286,0.000,5.760,423,1.36,41.35
25/08/2026,17:07:00,6.020,0.476,120.400,-0.050,9.423,-0.680,4.916,0.000,98.400,2.090,0.124,42.200,-0.028,7.337,-0.480,0.076,0.000,1.840,13.660,1.052,273.000,0.018,9.380,0.440,8.230,0.013,164.800,0.240,0.000,5.600,-0.030,4.278,-0.880,0.244,0.000,4.800,423,1.36,41.35
25/08/2026,17:08:00,5.420,0.428,108.600,-0.034,9.305,-0.560,4.458,0.000,88.920,1.880,0.116,38.200,-0.036,7.166,-0.560,0.072,0.000,1.440,12.170,0.940,243.800,0.028,9.265,0.520,7.356,0.009,146.920,0.210,0.004,4.200,-0.048,4.072,-0.720,0.200,0.000,4.000,422,1.36,41.25
25/08/2026,17:09:00,5.380,0.424,108.000,-0.040,9.298,-0.680,4.412,0.000,88.240,1.880,0.108,37.400,-0.030,7.152,-0.800,0.080,0.000,1.440,11.940,0.920,238.800,0.026,9.252,0.400,7.224,0.008,144.480,0.190,0.000,4.000,-0.042,4.060,-1.160,0.202,0.000,4.080,423,1.36,41.35
25/08/2026,17:10:00,5.940,0.468,117.800,-0.034,9.438,-0.640,4.842,0.000,97.280,2.080,0.128,41.800,-0.042,7.350,-0.480,0.086,0.000,1.640,13.550,1.040,271.200,0.028,9.410,0.720,8.224,0.010,164.280,0.250,0.004,4.800,-0.056,4.338,-0.920,0.244,0.000,5.120,422,1.36,41.25
25/08/2026,17:11:00,6.340,0.504,127.000,-0.024,9.534,-0.720,5.222,0.000,104.320,2.230,0.136,44.600,-0.022,7.483,-0.800,0.098,0.000,2.000,14.910,1.148,298.400,0.024,9.527,0.440,9.012,0.014,180.320,0.280,0.012,5.400,-0.052,4.523,-1.120,0.278,0.000,5.600,423,1.36,41.35
25/08/2026,17:12:00,6.760,0.536,135.600,-0.030,9.628,-0.800,5.566,0.000,111.360,2.420,0.148,48.400,-0.024,7.611,-0.600,0.104,0.000,2.120,16.390,1.264,328.000,0.020,9.634,0.760,9.928,0.017,198.400,0.310,0.012,6.200,-0.044,4.712,-1.160,0.316,0.000,6.360,428,1.38,41.84
25/08/2026,17:13:00,7.050,0.556,140.000,-0.024,9.678,-0.480,5.768,0.000,115.480,2.510,0.156,50.000,-0.038,7.672,-0.560,0.112,0.000,2.200,17.130,1.320,343.200,0.032,9.690,0.560,10.342,0.019,206.800,0.320,0.016,6.000,-0.044,4.788,-0.880,0.326,0.000,6.480,424,1.37,41.45
25/08/2026,17:14:00,6.920,0.552,139.200,-0.042,9.676,-0.800,5.696,0.000,114.360,2.470,0.152,49.800,-0.046,7.659,-0.680,0.120,0.000,2.320,17.280,1.332,345.200,0.022,9.701,0.560,10.402,0.020,208.160,0.350,0.016,6.800,-0.050,4.807,-0.920,0.326,0.000,6.720,423,1.36,41.35
25/08/2026,17:15:00,6.660,0.528,133.600,-0.028,9.645,-0.720,5.470,0.000,109.440,2.400,0.144,48.000,-0.030,7.604,-0.840,0.106,0.000,2.360,16.820,1.296,336.400,0.028,9.682,0.520,10.148,0.018,202.880,0.310,0.012,6.600,-0.042,4.764,-0.960,0.314,0.000,6.600,424,1.37,41.45
25/08/2026,17:16:00,6.320,0.500,127.400,-0.034,9.599,-0.680,5.218,0.000,104.280,2.250,0.140,45.400,-0.028,7.531,-0.600,0.096,0.000,1.880,16.310,1.256,326.000,0.032,9.652,0.520,9.836,0.017,196.640,0.300,0.012,6.200,-0.062,4.719,-1.240,0.314,0.000,6.160,424,1.37,41.45
25/08/2026,17:17:00,6.370,0.508,127.800,-0.044,9.617,-0.800,5.266,0.000,105.200,2.300,0.144,45.800,-0.036,7.559,-0.600,0.102,0.000,2.120,16.630,1.280,332.000,0.034,9.677,0.600,10.028,0.017,200.640,0.310,0.012,6.600,-0.048,4.771,-0.920,0.324,0.000,6.640,424,1.37,41.45
25/08/2026,17:18:00,6.370,0.504,127.400,-0.026,9.602,-0.760,5.206,0.000,104.280,2.300,0.136,45.800,-0.036,7.532,-0.680,0.098,0.000,1.960,16.430,1.260,328.600,0.026,9.665,0.440,9.882,0.017,197.840,0.320,0.012,6.600,-0.046,4.746,-0.880,0.326,0.000,6.080,424,1.37,41.45
25/08/2026,17:19:00,5.480,0.436,110.000,-0.040,9.426,-0.520,4.470,0.000,89.560,1.970,0.116,40.000,-0.030,7.271,-0.760,0.078,0.000,1.360,14.570,1.120,291.000,0.030,9.531,0.520,8.734,0.014,174.800,0.290,0.008,5.400,-0.044,4.522,-0.920,0.276,0.000,5.400,423,1.36,41.35
25/08/2026,17:20:00,4.940,0.396,99.600,-0.026,9.308,-0.680,4.074,0.000,81.560,1.820,0.104,36.000,-0.032,7.113,-0.880,0.080,0.000,1.480,13.310,1.024,266.600,0.020,9.436,0.320,8.038,0.010,160.800,0.220,0.004,5.400,-0.054,4.387,-1.120,0.258,0.000,4.960,423,1.36,41.35
25/08/2026,17:21:00,5.250,0.412,105.000,-0.022,9.381,-0.600,4.314,0.000,86.320,1.920,0.116,39.000,-0.024,7.240,-0.640,0.080,0.000,1.520,14.080,1.084,282.000,0.018,9.502,0.600,8.516,0.012,170.400,0.270,0.008,5.000,-0.042,4.501,-0.960,0.270,0.000,5.440,423,1.36,41.35
25/08/2026,17:22:00,5.470,0.432,108.800,-0.018,9.413,-0.520,4.464,0.000,89.240,2.000,0.124,40.200,-0.028,7.292,-0.520,0.086,0.000,1.600,14.470,1.112,289.000,0.018,9.531,0.640,8.702,0.012,173.840,0.260,0.012,5.200,-0.050,4.528,-0.840,0.276,0.000,5.560,422,1.36,41.25
25/08/2026,17:23:00,5.110,0.404,101.600,-0.036,9.339,-0.640,4.192,0.000,83.680,1.880,0.112,38.200,-0.032,7.188,-0.880,0.076,0.000,1.640,13.760,1.056,275.000,0.028,9.475,0.600,8.290,0.012,165.680,0.250,0.004,5.200,-0.036,4.445,-1.000,0.254,0.000,5.160,421,1.36,41.15
25/08/2026,17:24:00,4.950,0.392,98.800,-0.020,9.294,-0.680,4.042,0.000,80.920,1.840,0.108,36.400,-0.022,7.133,-0.840,0.068,0.000,1.360,13.180,1.012,263.600,0.018,9.430,0.760,7.928,0.010,158.400,0.230,0.008,5.000,-0.048,4.363,-0.760,0.236,0.000,4.920,422,1.36,41.25
25/08/2026,17:25:00,4.570,0.360,91.600,-0.048,9.198,-0.600,3.750,0.000,74.920,1.680,0.100,33.600,-0.034,7.000,-0.960,0.064,0.000,1.360,12.230,0.936,244.800,0.034,9.346,0.440,7.346,0.008,146.880,0.240,0.004,4.400,-0.062,4.231,-1.080,0.222,0.000,4.160,422,1.36,41.25
25/08/2026,17:26:00,4.290,0.336,86.400,-0.032,9.104,-0.520,3.526,0.000,70.480,1.580,0.088,31.600,-0.038,6.878,-0.680,0.060,0.000,0.880,11.200,0.856,223.600,0.024,9.238,0.440,6.736,0.007,134.760,0.210,0.000,4.000,-0.046,4.060,-1.000,0.200,0.000,3.640,421,1.36,41.15
25/08/2026,17:27:00,4.450,0.348,88.800,-0.024,9.130,-0.680,3.628,0.000,72.800,1.610,0.096,32.200,-0.034,6.920,-0.520,0.052,0.000,1.160,11.010,0.840,220.200,0.022,9.226,0.680,6.634,0.007,132.800,0.210,0.000,3.800,-0.048,4.037,-0.920,0.186,0.000,3.720,421,1.36,41.15
25/08/2026,17:28:00,4.380,0.344,87.600,-0.036,9.107,-0.680,3.596,0.000,71.960,1.570,0.092,31.800,-0.044,6.887,-0.560,0.072,0.000,0.960,10.710,0.820,214.000,0.034,9.197,0.320,6.428,0.007,128.640,0.170,0.000,3.400,-0.040,3.987,-1.080,0.182,0.000,3.440,421,1.36,41.15
25/08/2026,17:29:00,4.320,0.340,86.200,-0.026,9.085,-0.640,3.546,0.000,70.400,1.560,0.084,31.000,-0.036,6.857,-0.560,0.056,0.000,1.120,10.390,0.796,207.800,0.022,9.168,0.400,6.266,0.006,125.000,0.170,0.000,3.400,-0.060,3.936,-1.120,0.174,0.000,3.400,422,1.36,41.25
25/08/2026,17:30:00,4.380,0.344,86.800,-0.030,9.100,-0.680,3.568,0.000,71.600,1.550,0.088,31.200,-0.036,6.882,-0.520,0.044,0.000,1.040,10.420,0.796,208.600,0.030,9.176,0.520,6.284,0.006,125.640,0.190,0.000,3.800,-0.046,3.958,-0.960,0.176,0.000,3.600,427,1.38,41.74
25/08/2026,17:31:00,4.650,0.368,93.000,-0.044,9.188,-0.680,3.818,0.000,76.320,1.670,0.100,33.000,-0.034,6.999,-0.720,0.064,0.000,1.240,11.110,0.844,221.200,0.036,9.253,0.680,6.668,0.006,133.200,0.210,0.000,4.600,-0.042,4.074,-0.800,0.194,0.000,3.720,421,1.36,41.15
25/08/2026,17:32:00,4.740,0.372,94.800,-0.036,9.206,-0.680,3.870,0.000,77.280,1.710,0.096,34.200,-0.030,7.025,-0.640,0.064,0.000,1.240,11.280,0.864,225.400,0.018,9.273,0.480,6.774,0.008,135.400,0.180,0.000,4.000,-0.052,4.108,-0.880,0.188,0.000,4.040,421,1.36,41.15
25/08/2026,17:33:00,4.640,0.360,93.000,-0.034,9.182,-0.720,3.784,0.000,75.600,1.640,0.096,33.000,-0.030,6.987,-0.560,0.058,0.000,1.520,11.110,0.852,222.400,0.030,9.256,0.600,6.668,0.006,133.240,0.190,0.000,3.600,-0.060,4.076,-1.240,0.200,0.000,4.000,421,1.36,41.15
25/08/2026,17:34:00,4.440,0.352,89.200,-0.026,9.135,-0.520,3.638,0.000,72.720,1.590,0.092,32.000,-0.036,6.919,-0.560,0.040,0.000,1.200,10.740,0.824,215.200,0.026,9.222,0.560,6.450,0.005,128.960,0.190,0.000,3.600,-0.052,4.027,-1.080,0.192,0.000,3.800,422,1.36,41.25
25/08/2026,17:35:00,4.450,0.348,89.200,-0.044,9.134,-0.440,3.648,0.000,73.240,1.590,0.092,31.800,-0.032,6.914,-0.680,0.058,0.000,1.280,10.640,0.816,212.600,0.026,9.214,0.600,6.380,0.006,127.880,0.180,0.000,4.000,-0.050,4.021,-1.160,0.182,0.000,3.600,421,1.36,41.15
25/08/2026,17:36:00,4.430,0.344,88.200,-0.020,9.113,-0.880,3.626,0.000,72.440,1.580,0.088,31.000,-0.028,6.886,-0.440,0.066,0.000,1.520,10.480,0.804,210.400,0.034,9.197,0.440,6.298,0.004,125.880,0.170,0.000,4.000,-0.050,3.999,-0.880,0.190,0.000,3.880,420,1.35,41.06
25/08/2026,17:37:00,4.290,0.336,85.800,-0.036,9.068,-0.520,3.504,0.000,70.280,1.500,0.088,30.200,-0.024,6.821,-0.920,0.052,0.000,1.240,10.110,0.772,202.800,0.026,9.153,0.480,6.068,0.005,121.120,0.180,0.000,3.800,-0.044,3.938,-0.800,0.168,0.000,3.560,421,1.36,41.15
25/08/2026,17:38:00,4.120,0.324,82.400,-0.034,8.996,-0.680,3.348,0.000,67.040,1.410,0.080,28.200,-0.038,6.718,-0.800,0.046,0.000,0.680,9.480,0.728,190.800,0.022,9.079,0.560,5.714,0.005,114.160,0.160,0.000,3.400,-0.046,3.830,-1.040,0.166,0.000,3.240,421,1.36,41.15
25/08/2026,17:39:00,3.680,0.288,73.800,-0.028,8.836,-0.720,3.018,0.000,60.120,1.290,0.072,25.200,-0.036,6.508,-0.680,0.044,0.000,0.880,8.500,0.648,170.200,0.022,8.938,0.640,5.084,0.002,101.800,0.130,0.000,2.600,-0.054,3.629,-1.000,0.150,0.000,2.840,420,1.35,41.06
25/08/2026,17:40:00,3.270,0.252,65.000,-0.046,8.646,-0.720,2.650,0.000,53.120,1.120,0.060,22.800,-0.034,6.261,-0.760,0.030,0.000,0.600,7.460,0.568,149.000,0.024,8.769,0.760,4.452,0.002,89.200,0.140,0.000,2.200,-0.050,3.402,-1.040,0.110,0.000,2.200,420,1.35,41.06
25/08/2026,17:41:00,3.020,0.236,60.600,-0.044,8.522,-0.680,2.460,0.000,49.400,1.040,0.048,20.600,-0.034,6.106,-0.800,0.024,0.000,0.560,6.800,0.512,135.400,0.024,8.655,0.640,4.070,0.001,81.160,0.090,0.000,1.600,-0.046,3.253,-0.680,0.092,0.000,2.200,419,1.35,40.96
25/08/2026,17:42:00,2.910,0.228,58.400,-0.030,8.457,-0.640,2.366,0.000,47.560,1.010,0.052,20.000,-0.028,6.022,-0.520,0.022,0.000,0.520,6.420,0.488,128.000,0.022,8.584,0.560,3.848,0.000,76.880,0.080,0.000,2.000,-0.058,3.176,-1.200,0.088,0.000,1.680,418,1.35,40.86
25/08/2026,17:43:00,2.850,0.220,57.200,-0.040,8.422,-0.760,2.344,0.000,46.600,0.980,0.048,19.200,-0.038,5.985,-0.640,0.034,0.000,0.320,6.230,0.472,124.400,0.030,8.551,0.440,3.726,0.000,74.600,0.070,0.000,2.400,-0.046,3.144,-0.960,0.082,0.000,1.640,418,1.35,40.86
25/08/2026,17:44:00,2.850,0.216,57.000,-0.024,8.395,-0.680,2.304,0.000,46.000,0.930,0.048,19.200,-0.024,5.956,-0.800,0.018,0.000,0.400,6.100,0.464,122.400,0.034,8.529,0.520,3.648,0.000,73.120,0.080,0.000,1.800,-0.042,3.119,-0.960,0.086,0.000,1.640,418,1.35,40.86
25/08/2026,17:45:00,2.740,0.212,55.400,-0.048,8.340,-0.680,2.236,0.000,44.560,0.940,0.044,18.600,-0.026,5.890,-0.440,0.010,0.000,0.360,5.850,0.444,117.400,0.026,8.474,0.560,3.500,0.000,70.160,0.080,0.000,1.600,-0.058,3.061,-0.920,0.078,0.000,1.600,418,1.35,40.86
25/08/2026,17:46:00,2.610,0.204,52.200,-0.026,8.268,-0.760,2.148,0.000,43.040,0.880,0.044,18.000,-0.036,5.802,-0.760,0.008,0.000,0.320,5.580,0.420,111.200,0.022,8.406,0.520,3.338,0.000,66.760,0.060,0.000,1.600,-0.050,2.993,-0.920,0.082,0.000,1.280,418,1.35,40.86
25/08/2026,17:47:00,2.520,0.196,51.200,-0.036,8.218,-0.800,2.084,0.000,41.400,0.870,0.040,17.200,-0.044,5.735,-0.920,0.008,0.000,0.160,5.360,0.404,107.000,0.022,8.355,0.480,3.198,0.000,64.000,0.060,0.000,1.400,-0.050,2.943,-1.000,0.068,0.000,1.440,418,1.35,40.86
25/08/2026,17:48:00,2.450,0.184,49.400,-0.032,8.175,-0.600,2.018,0.000,40.240,0.840,0.040,16.400,-0.036,5.675,-0.600,0.014,0.000,0.280,5.160,0.388,102.800,0.022,8.304,0.480,3.080,0.000,61.640,0.070,0.000,0.800,-0.046,2.898,-1.160,0.062,0.000,1.320,417,1.35,40.76
25/08/2026,17:49:00,2.400,0.188,49.000,-0.028,8.150,-0.680,1.990,0.000,39.680,0.800,0.036,16.000,-0.036,5.634,-0.480,0.006,0.000,0.400,5.040,0.380,100.200,0.022,8.281,0.600,3.016,0.000,60.600,0.070,0.000,1.800,-0.052,2.886,-1.080,0.062,0.000,1.200,413,1.33,40.37
25/08/2026,17:50:00,2.410,0.184,47.600,-0.046,8.138,-0.760,1.952,0.000,38.920,0.770,0.036,15.600,-0.026,5.607,-0.800,0.008,0.000,0.160,5.020,0.376,100.200,0.018,8.282,0.680,3.008,0.000,60.200,0.050,0.000,1.400,-0.058,2.899,-1.000,0.062,0.000,1.200,417,1.35,40.76
25/08/2026,17:51:00,2.320,0.176,46.600,-0.036,8.092,-0.720,1.898,0.000,37.920,0.750,0.036,15.000,-0.028,5.542,-0.640,0.016,0.000,0.200,4.920,0.372,98.400,0.022,8.256,0.440,2.956,0.000,58.680,0.080,0.000,1.000,-0.054,2.886,-1.160,0.058,0.000,1.320,417,1.35,40.76
25/08/2026,17:52:00,2.170,0.160,43.200,-0.036,7.964,-0.520,1.738,0.000,34.560,0.700,0.032,14.200,-0.028,5.382,-0.600,0.012,0.000,-0.040,4.600,0.344,92.000,0.028,8.161,0.360,2.748,0.000,54.960,0.060,0.000,1.000,-0.058,2.787,-1.240,0.050,0.000,1.080,424,1.37,41.45
25/08/2026,17:53:00,1.920,0.148,39.000,-0.032,7.799,-0.560,1.570,0.000,31.280,0.590,0.024,12.400,-0.022,5.193,-0.640,0.000,0.000,-0.040,4.210,0.316,84.400,0.026,8.033,0.600,2.520,0.000,50.280,0.030,0.000,0.800,-0.048,2.665,-1.160,0.042,0.000,0.840,415,1.34,40.57
25/08/2026,17:54:00,1.810,0.140,36.600,-0.038,7.687,-0.920,1.468,0.000,29.320,0.570,0.024,11.800,-0.032,5.069,-0.840,0.000,0.000,-0.000,3.940,0.296,79.600,0.028,7.951,0.280,2.374,0.000,47.360,0.050,0.000,0.800,-0.062,2.594,-1.000,0.032,0.000,1.040,415,1.34,40.57
25/08/2026,17:55:00,1.680,0.128,34.200,-0.038,7.565,-0.600,1.370,0.000,27.200,0.520,0.020,10.600,-0.052,4.948,-0.480,-0.008,0.000,-0.000,3.760,0.280,75.200,0.022,7.873,0.480,2.234,0.000,44.760,0.060,0.000,0.400,-0.050,2.535,-1.200,0.034,0.000,0.920,414,1.34,40.47
25/08/2026,17:56:00,1.580,0.116,31.200,-0.026,7.442,-0.600,1.270,0.000,25.600,0.470,0.016,10.000,-0.042,4.836,-0.600,-0.002,0.000,-0.040,3.570,0.268,71.200,0.030,7.802,0.120,2.150,0.000,42.360,0.030,0.000,0.600,-0.046,2.486,-1.000,0.042,0.000,0.680,414,1.34,40.47
25/08/2026,17:57:00,1.520,0.112,30.600,-0.034,7.345,-0.800,1.224,0.000,24.400,0.490,0.016,10.000,-0.038,4.755,-0.720,-0.010,0.000,-0.280,3.430,0.256,69.200,0.018,7.745,0.720,2.062,0.000,41.040,0.030,0.000,1.000,-0.064,2.454,-1.280,0.024,0.000,0.360,414,1.34,40.47
25/08/2026,17:58:00,1.450,0.108,28.800,-0.030,7.261,-0.560,1.174,0.000,23.400,0.460,0.016,9.200,-0.046,4.702,-0.600,-0.020,0.000,-0.120,3.340,0.248,66.600,0.022,7.692,0.400,1.980,0.000,39.760,0.040,0.000,0.600,-0.058,2.423,-1.160,0.024,0.000,0.560,412,1.33,40.27
25/08/2026,17:59:00,1.360,0.100,27.200,-0.038,7.146,-0.760,1.092,0.000,21.760,0.440,0.016,8.600,-0.036,4.605,-0.840,-0.014,0.000,0.000,3.170,0.232,63.600,0.030,7.604,0.480,1.894,0.000,37.720,0.020,0.000,1.400,-0.070,2.360,-1.040,0.028,0.000,0.480,411,1.33,40.18
25/08/2026,18:00:00,1.220,0.088,24.600,-0.040,6.962,-0.600,1.004,0.000,20.160,0.380,0.012,7.800,-0.040,4.445,-0.840,-0.020,0.000,-0.400,2.880,0.212,58.200,0.026,7.454,0.440,1.718,0.000,34.520,0.020,0.000,0.000,-0.048,2.236,-1.120,0.008,0.000,0.240,411,1.33,40.18
25/08/2026,18:01:00,1.080,0.076,21.400,-0.034,6.696,-0.760,0.860,0.000,17.160,0.320,0.004,6.800,-0.034,4.220,-0.400,-0.008,0.000,-0.480,2.550,0.184,50.000,0.034,7.236,0.560,1.502,0.000,30.440,0.000,0.000,-0.200,-0.058,2.055,-1.240,-0.004,0.000,0.200,410,1.32,40.08
25/08/2026,18:02:00,0.890,0.064,18.200,-0.038,6.346,-0.760,0.724,0.000,14.480,0.280,0.000,5.400,-0.034,3.936,-0.680,-0.020,0.000,-0.720,2.120,0.152,41.600,0.022,6.937,0.400,1.248,0.000,25.080,-0.020,0.000,0.000,-0.054,1.818,-1.000,-0.004,0.000,-0.080,409,1.32,39.98
25/08/2026,18:03:00,0.740,0.048,14.600,-0.036,5.956,-0.760,0.584,0.000,11.840,0.250,0.000,5.200,-0.048,3.632,-0.720,-0.026,0.000,-0.480,1.690,0.124,33.800,0.024,6.593,0.160,1.010,0.000,20.280,-0.010,0.000,-0.200,-0.058,1.572,-1.040,-0.010,0.000,-0.400,407,1.31,39.78
25/08/2026,18:04:00,0.600,0.040,12.000,-0.034,5.528,-0.960,0.486,0.000,9.560,0.160,0.000,3.200,-0.036,3.310,-0.760,-0.042,0.000,-0.600,1.350,0.092,27.800,0.014,6.206,0.320,0.828,0.000,16.160,-0.020,0.000,-0.800,-0.052,1.318,-0.880,-0.028,0.000,-0.800,404,1.30,39.49
25/08/2026,18:05:00,0.490,0.028,9.600,-0.052,5.092,-0.920,0.380,0.000,7.680,0.140,0.000,2.800,-0.042,2.997,-0.920,-0.024,0.000,-0.680,1.090,0.072,21.800,0.020,5.802,0.520,0.642,0.000,13.160,-0.050,0.000,-0.400,-0.056,1.100,-1.200,-0.032,0.000,-0.400,401,1.29,39.20
25/08/2026,18:06:00,0.400,0.020,7.800,-0.030,4.715,-0.640,0.306,0.000,6.320,0.110,0.000,2.200,-0.044,2.726,-0.640,-0.036,0.000,-0.680,0.860,0.056,17.600,0.024,5.439,0.560,0.524,0.000,10.760,-0.060,0.000,-1.200,-0.068,0.930,-0.960,-0.024,0.000,-0.600,399,1.29,39.00
25/08/2026,18:07:00,0.350,0.016,7.000,-0.036,4.421,-0.520,0.266,0.000,5.280,0.090,0.000,1.800,-0.030,2.522,-0.800,-0.038,0.000,-0.440,0.750,0.044,15.000,0.016,5.162,0.240,0.448,0.000,9.160,-0.040,0.000,-0.400,-0.066,0.826,-1.120,-0.040,0.000,-0.880,398,1.28,38.91
25/08/2026,18:08:00,0.310,0.016,6.400,-0.032,4.294,-0.640,0.244,0.000,5.040,0.090,0.000,1.200,-0.042,2.432,-0.720,-0.032,0.000,-0.680,0.710,0.044,14.200,0.020,5.063,0.440,0.420,0.000,8.520,-0.060,0.000,-0.800,-0.054,0.817,-1.160,-0.042,0.000,-0.760,396,1.28,38.71
25/08/2026,18:09:00,0.290,0.012,5.600,-0.032,4.157,-0.760,0.222,0.000,4.360,0.090,0.000,1.200,-0.040,2.337,-0.560,-0.034,0.000,-0.880,0.660,0.036,12.800,0.022,4.944,0.280,0.404,0.000,8.000,-0.040,0.000,-0.600,-0.050,0.795,-1.120,-0.046,0.000,-0.840,393,1.27,38.42
25/08/2026,18:10:00,0.230,0.012,4.600,-0.036,3.827,-1.040,0.182,0.000,3.480,0.050,0.000,0.600,-0.042,2.113,-0.800,-0.038,0.000,-0.800,0.540,0.028,11.200,0.026,4.604,0.520,0.340,0.000,6.600,-0.040,0.000,-0.600,-0.068,0.671,-1.040,-0.050,0.000,-0.920,389,1.25,38.03
25/08/2026,18:11:00,0.170,0.004,4.000,-0.030,3.542,-0.880,0.160,0.000,2.880,0.050,0.000,0.800,-0.052,1.918,-1.000,-0.036,0.000,-0.720,0.430,0.020,9.000,0.020,4.294,0.480,0.262,0.000,5.480,-0.050,0.000,-1.200,-0.066,0.573,-1.120,-0.040,0.000,-0.680,386,1.25,37.73
25/08/2026,18:12:00,0.170,0.004,3.600,-0.040,3.394,-0.760,0.126,0.000,2.600,0.080,0.000,0.200,-0.042,1.818,-0.720,-0.042,0.000,-0.960,0.410,0.016,8.400,0.022,4.139,0.640,0.246,0.000,5.000,-0.020,0.000,-1.400,-0.054,0.541,-1.000,-0.044,0.000,-0.840,383,1.24,37.44
25/08/2026,18:13:00,0.170,0.000,2.800,-0.038,3.226,-0.920,0.114,0.000,2.000,0.010,0.000,0.400,-0.040,1.706,-0.920,-0.038,0.000,-0.760,0.390,0.012,7.600,0.014,3.958,0.280,0.222,0.000,4.480,-0.050,0.000,-0.800,-0.058,0.498,-1.040,-0.046,0.000,-0.760,379,1.22,37.05
25/08/2026,18:14:00,0.120,0.000,3.000,-0.038,3.062,-0.800,0.092,0.000,1.960,0.010,0.000,0.200,-0.034,1.598,-0.640,-0.036,0.000,-0.640,0.350,0.012,6.800,0.026,3.780,0.600,0.200,0.000,4.040,-0.070,0.000,-1.000,-0.068,0.466,-1.120,-0.034,0.000,-0.960,376,1.21,36.75
25/08/2026,18:15:00,0.140,0.000,2.200,-0.052,2.943,-0.800,0.078,0.000,1.760,0.020,0.000,0.000,-0.044,1.521,-1.040,-0.036,0.000,-0.920,0.330,0.008,6.600,0.006,3.649,0.360,0.182,0.000,3.560,-0.050,0.000,-0.800,-0.056,0.446,-0.960,-0.044,0.000,-0.960,371,1.20,36.27
25/08/2026,18:16:00,0.080,0.000,1.600,-0.048,2.749,-1.040,0.062,0.000,1.080,0.010,0.000,0.000,-0.054,1.392,-0.760,-0.032,0.000,-0.760,0.260,0.004,5.600,0.014,3.443,0.160,0.156,0.000,3.480,-0.040,0.000,-1.000,-0.050,0.407,-1.240,-0.046,0.000,-0.960,365,1.18,35.68
25/08/2026,18:17:00,0.060,0.000,1.200,-0.046,2.465,-0.960,0.044,0.000,0.880,0.020,0.000,0.000,-0.036,1.218,-0.920,-0.032,0.000,-0.600,0.230,0.004,4.600,0.020,3.156,0.280,0.142,0.000,2.840,-0.070,0.000,-1.000,-0.048,0.346,-1.000,-0.060,0.000,-0.960,359,1.16,35.09
25/08/2026,18:18:00,0.070,0.000,1.400,-0.036,2.137,-0.880,0.024,0.000,0.480,-0.020,0.000,-0.400,-0.044,1.027,-0.880,-0.044,0.000,-0.760,0.190,0.000,3.400,0.016,2.817,0.360,0.106,0.000,2.160,-0.060,0.000,-1.000,-0.058,0.281,-1.040,-0.042,0.000,-1.040,351,1.13,34.31
25/08/2026,18:19:00,0.010,0.000,0.200,-0.052,1.811,-0.920,0.006,0.000,0.440,-0.050,0.000,-0.200,-0.034,0.848,-0.720,-0.054,0.000,-0.760,0.120,0.000,2.400,0.018,2.468,0.280,0.092,0.000,1.560,-0.060,0.000,-1.000,-0.064,0.222,-1.080,-0.048,0.000,-0.720,340,1.10,33.24
25/08/2026,18:20:00,0.020,0.000,0.400,-0.048,1.490,-0.840,-0.012,0.000,0.000,-0.020,0.000,-0.600,-0.044,0.679,-0.800,-0.036,0.000,-0.920,0.100,0.000,2.000,0.010,2.117,0.120,0.074,0.000,1.520,-0.040,0.000,-1.000,-0.052,0.174,-1.040,-0.054,0.000,-1.160,331,1.07,32.36
25/08/2026,18:21:00,0.010,0.000,-0.200,-0.046,1.207,-0.720,-0.012,0.000,-0.400,-0.050,0.000,-0.200,-0.046,0.540,-0.920,-0.048,0.000,-0.760,0.080,0.000,1.800,0.004,1.806,0.400,0.046,0.000,1.000,-0.050,0.000,-1.000,-0.046,0.136,-1.200,-0.040,0.000,-1.240,320,1.03,31.28
25/08/2026,18:22:00,-0.040,0.000,-0.200,-0.046,0.980,-0.840,-0.020,0.000,-0.240,-0.040,0.000,-0.200,-0.046,0.426,-0.720,-0.050,0.000,-1.000,0.060,0.000,1.200,0.012,1.535,0.400,0.046,0.000,0.680,-0.050,0.000,-0.800,-0.058,0.109,-1.120,-0.054,0.000,-1.120,307,0.99,30.01
25/08/2026,18:23:00,-0.030,0.000,0.000,-0.048,0.774,-0.960,-0.018,0.000,-0.200,-0.020,0.000,-0.800,-0.046,0.331,-1.000,-0.034,0.000,-0.840,0.070,0.000,1.000,0.012,1.283,0.400,0.034,0.000,0.720,-0.070,0.000,-1.200,-0.066,0.091,-1.080,-0.050,0.000,-1.320,294,0.95,28.74
25/08/2026,18:24:00,-0.020,0.000,-0.600,-0.056,0.603,-0.840,-0.038,0.000,-0.840,-0.020,0.000,-1.200,-0.044,0.260,-0.760,-0.050,0.000,-0.840,0.050,0.000,1.000,0.014,1.058,0.400,0.040,0.000,0.680,-0.050,0.000,-1.600,-0.064,0.074,-1.360,-0.058,0.000,-0.960,279,0.90,27.27
25/08/2026,18:25:00,-0.020,0.000,-0.600,-0.042,0.479,-0.920,-0.030,0.000,-0.800,-0.030,0.000,-0.400,-0.036,0.206,-0.880,-0.046,0.000,-0.800,0.050,0.000,0.800,0.008,0.882,0.280,0.022,0.000,0.520,-0.070,0.000,-1.000,-0.054,0.063,-1.160,-0.062,0.000,-1.080,265,0.85,25.90
25/08/2026,18:26:00,-0.020,0.000,-0.800,-0.034,0.380,-0.880,-0.040,0.000,-0.800,-0.030,0.000,-0.600,-0.040,0.165,-0.920,-0.048,0.000,-0.920,0.040,0.000,0.200,0.014,0.729,0.080,0.024,0.000,0.440,-0.070,0.000,-1.600,-0.058,0.054,-1.080,-0.066,0.000,-1.040,251,0.81,24.54
25/08/2026,18:27:00,-0.050,0.000,-0.600,-0.052,0.294,-0.840,-0.048,0.000,-0.560,-0.050,0.000,-0.800,-0.042,0.127,-0.640,-0.046,0.000,-0.800,0.050,0.000,0.800,0.012,0.581,0.200,0.028,0.000,0.160,-0.050,0.000,-1.200,-0.060,0.046,-1.280,-0.070,0.000,-1.040,236,0.76,23.07
25/08/2026,18:28:00,-0.060,0.000,-1.000,-0.046,0.228,-0.800,-0.036,0.000,-0.840,-0.030,0.000,-1.000,-0.036,0.102,-0.840,-0.038,0.000,-0.800,0.020,0.000,0.400,0.012,0.463,0.200,0.020,0.000,0.320,-0.050,0.000,-1.400,-0.058,0.038,-1.080,-0.056,0.000,-0.880,220,0.71,21.51
25/08/2026,18:29:00,-0.050,0.000,-0.400,-0.046,0.180,-1.120,-0.056,0.000,-0.640,-0.040,0.000,-0.800,-0.046,0.081,-1.000,-0.052,0.000,-0.920,0.000,0.000,0.400,0.014,0.372,0.440,0.028,0.000,0.320,-0.040,0.000,-0.800,-0.058,0.038,-1.240,-0.054,0.000,-0.920,207,0.67,20.23
25/08/2026,18:30:00,-0.060,0.000,-0.800,-0.046,0.146,-1.000,-0.032,0.000,-0.960,-0.040,0.000,-0.800,-0.052,0.070,-1.000,-0.054,0.000,-1.000,0.020,0.000,0.000,0.006,0.303,0.400,0.014,0.000,0.520,-0.050,0.000,-1.400,-0.066,0.034,-0.920,-0.064,0.000,-1.200,193,0.62,18.87
25/08/2026,18:31:00,-0.070,0.000,-1.000,-0.046,0.115,-1.040,-0.042,0.000,-1.040,-0.050,0.000,-0.800,-0.052,0.056,-0.840,-0.046,0.000,-1.000,-0.010,0.000,0.600,0.006,0.242,0.240,0.020,0.000,0.400,-0.060,0.000,-1.400,-0.052,0.030,-1.200,-0.062,0.000,-0.880,179,0.58,17.50
25/08/2026,18:32:00,-0.040,0.000,-0.400,-0.040,0.093,-0.720,-0.036,0.000,-1.080,-0.050,0.000,-0.800,-0.038,0.047,-0.840,-0.040,0.000,-0.920,0.030,0.000,0.200,0.008,0.196,0.200,0.012,0.000,0.080,-0.040,0.000,-1.000,-0.060,0.030,-1.400,-0.054,0.000,-1.280,166,0.54,16.23
25/08/2026,18:33:00,-0.050,0.000,-0.600,-0.046,0.076,-0.880,-0.062,0.000,-0.840,-0.040,0.000,-1.200,-0.024,0.042,-0.760,-0.040,0.000,-0.880,0.030,0.000,0.400,0.006,0.159,0.320,0.018,0.000,0.400,-0.060,0.000,-1.000,-0.072,0.027,-1.040,-0.054,0.000,-1.080,154,0.50,15.05
25/08/2026,18:34:00,-0.030,0.000,-0.600,-0.046,0.061,-0.920,-0.054,0.000,-0.840,-0.040,0.000,-1.000,-0.054,0.033,-1.080,-0.052,0.000,-1.000,0.010,0.000,0.200,0.006,0.128,0.120,0.016,0.000,0.280,-0.040,0.000,-1.200,-0.054,0.026,-1.200,-0.054,0.000,-1.200,142,0.46,13.88
25/08/2026,18:35:00,-0.020,0.000,-1.200,-0.054,0.051,-0.960,-0.036,0.000,-1.080,-0.050,0.000,-0.800,-0.052,0.030,-0.760,-0.046,0.000,-0.880,0.010,0.000,0.800,0.018,0.106,0.120,0.008,0.000,0.200,-0.060,0.000,-1.200,-0.054,0.029,-1.000,-0.056,0.000,-1.200,132,0.43,12.90
25/08/2026,18:36:00,-0.050,0.000,-1.000,-0.052,0.043,-1.080,-0.046,0.000,-0.920,-0.040,0.000,-1.200,-0.036,0.022,-0.880,-0.046,0.000,-0.640,0.030,0.000,0.200,0.010,0.090,0.440,0.014,0.000,0.240,-0.050,0.000,-1.200,-0.048,0.025,-1.400,-0.054,0.000,-1.200,122,0.39,11.93
25/08/2026,18:37:00,-0.050,0.000,-1.200,-0.052,0.036,-1.040,-0.040,0.000,-0.840,-0.030,0.000,-1.000,-0.040,0.024,-0.800,-0.052,0.000,-0.840,0.030,0.000,0.200,0.008,0.078,0.160,0.016,0.000,0.240,-0.060,0.000,-1.000,-0.066,0.027,-0.920,-0.054,0.000,-1.320,114,0.37,11.14
25/08/2026,18:38:00,-0.040,0.000,-1.200,-0.046,0.030,-0.960,-0.048,0.000,-0.960,-0.030,0.000,-0.600,-0.050,0.019,-1.200,-0.038,0.000,-0.880,0.000,0.000,0.200,0.010,0.066,0.200,0.004,0.000,0.200,-0.090,0.000,-1.400,-0.058,0.026,-1.240,-0.060,0.000,-0.960,108,0.35,10.56
25/08/2026,18:39:00,-0.060,0.000,-1.000,-0.042,0.026,-0.880,-0.044,0.000,-1.040,-0.050,0.000,-0.600,-0.050,0.020,-0.720,-0.042,0.000,-0.920,0.020,0.000,0.200,0.004,0.058,0.320,0.016,0.000,0.200,-0.060,0.000,-1.200,-0.062,0.027,-1.280,-0.048,0.000,-1.120,100,0.32,9.78
25/08/2026,18:40:00,-0.020,0.000,-1.000,-0.032,0.023,-0.680,-0.046,0.000,-1.080,-0.040,0.000,-0.600,-0.038,0.018,-1.040,-0.050,0.000,-0.960,-0.010,0.000,0.000,0.016,0.051,0.200,0.010,0.000,0.200,-0.070,0.000,-1.000,-0.046,0.023,-1.000,-0.052,0.000,-1.200,94,0.30,9.19
25/08/2026,18:41:00,-0.030,0.000,-0.400,-0.052,0.021,-0.880,-0.052,0.000,-0.720,-0.050,0.000,-0.800,-0.046,0.018,-0.880,-0.038,0.000,-0.960,0.010,0.000,0.600,0.024,0.045,0.280,0.012,0.000,0.240,-0.080,0.000,-1.400,-0.068,0.027,-1.160,-0.050,0.000,-1.040,90,0.29,8.80
25/08/2026,18:42:00,-0.020,0.000,-0.600,-0.044,0.018,-1.000,-0.048,0.000,-0.960,-0.030,0.000,-0.800,-0.044,0.016,-0.760,-0.044,0.000,-0.920,0.030,0.000,0.400,0.012,0.039,0.440,0.020,0.000,0.360,-0.060,0.000,-0.600,-0.046,0.025,-1.160,-0.058,0.000,-0.960,86,0.28,8.41
25/08/2026,18:43:00,-0.060,0.000,-0.800,-0.042,0.018,-1.040,-0.042,0.000,-0.960,-0.040,0.000,-0.800,-0.044,0.018,-0.680,-0.044,0.000,-1.120,0.040,0.000,-0.200,0.020,0.037,0.320,0.012,0.000,0.440,-0.050,0.000,-1.200,-0.056,0.025,-0.960,-0.066,0.000,-1.200,81,0.26,7.92
25/08/2026,18:44:00,-0.050,0.000,-1.400,-0.040,0.017,-0.920,-0.042,0.000,-0.960,-0.030,0.000,-1.000,-0.038,0.013,-1.000,-0.040,0.000,-0.920,0.010,0.000,0.600,0.022,0.032,0.480,0.008,0.000,0.040,-0.040,0.000,-1.600,-0.060,0.026,-1.200,-0.058,0.000,-1.040,81,0.26,7.92
25/08/2026,18:45:00,-0.050,0.000,-0.400,-0.054,0.016,-0.800,-0.046,0.000,-1.080,-0.020,0.000,-1.200,-0.046,0.017,-0.840,-0.046,0.000,-0.880,0.000,0.000,0.000,0.018,0.032,0.400,0.018,0.000,0.000,-0.050,0.000,-1.400,-0.058,0.024,-1.320,-0.054,0.000,-1.040,76,0.25,7.43
25/08/2026,18:46:00,-0.050,0.000,-1.000,-0.042,0.014,-1.120,-0.050,0.000,-0.720,-0.030,0.000,-1.600,-0.046,0.014,-0.840,-0.032,0.000,-0.840,-0.010,0.000,0.000,0.012,0.030,0.040,0.028,0.000,0.280,-0.040,0.000,-1.200,-0.058,0.028,-1.320,-0.062,0.000,-1.120,75,0.24,7.33
25/08/2026,18:47:00,-0.060,0.000,-1.200,-0.042,0.012,-0.840,-0.054,0.000,-0.880,-0.060,0.000,-1.000,-0.032,0.016,-0.920,-0.040,0.000,-0.680,0.010,0.000,0.000,0.010,0.028,0.120,0.016,0.000,0.280,-0.050,0.000,-0.600,-0.060,0.025,-0.920,-0.062,0.000,-1.160,73,0.24,7.14
25/08/2026,18:48:00,-0.020,0.000,-1.400,-0.044,0.013,-1.000,-0.044,0.000,-0.920,-0.060,0.000,-0.200,-0.036,0.015,-0.880,-0.052,0.000,-0.720,0.010,0.000,0.200,0.010,0.025,0.240,0.018,0.000,0.280,-0.040,0.000,-1.200,-0.054,0.024,-1.000,-0.050,0.000,-1.080,71,0.23,6.94
25/08/2026,18:49:00,-0.060,0.000,-0.400,-0.040,0.013,-1.040,-0.042,0.000,-0.920,-0.020,0.000,-0.800,-0.044,0.016,-1.040,-0.040,0.000,-0.840,0.010,0.000,0.600,0.018,0.026,0.120,0.014,0.000,0.280,-0.070,0.000,-1.000,-0.064,0.023,-1.200,-0.058,0.000,-1.160,71,0.23,6.94
25/08/2026,18:50:00,-0.050,0.000,-1.200,-0.052,0.011,-0.960,-0.044,0.000,-1.080,-0.050,0.000,-1.600,-0.050,0.014,-0.880,-0.054,0.000,-0.880,0.010,0.000,-0.400,0.016,0.026,0.080,0.012,0.000,0.240,-0.050,0.000,-1.200,-0.056,0.023,-1.160,-0.056,0.000,-0.800,69,0.22,6.74
25/08/2026,18:51:00,-0.050,0.000,-1.000,-0.062,0.012,-1.040,-0.050,0.000,-1.000,-0.040,0.000,-0.600,-0.044,0.014,-0.880,-0.044,0.000,-0.840,0.020,0.000,0.400,0.008,0.024,0.320,0.008,0.000,0.360,-0.050,0.000,-1.200,-0.054,0.026,-1.120,-0.066,0.000,-1.200,68,0.22,6.65
25/08/2026,18:52:00,-0.040,0.000,-0.400,-0.058,0.013,-1.000,-0.054,0.000,-0.760,-0.060,0.000,-1.600,-0.050,0.016,-0.840,-0.034,0.000,-0.880,0.000,0.000,0.400,0.014,0.024,0.240,0.014,0.000,0.240,-0.050,0.000,-1.200,-0.060,0.024,-0.760,-0.058,0.000,-1.040,67,0.22,6.55
25/08/2026,18:53:00,-0.060,0.000,-1.200,-0.050,0.010,-1.000,-0.054,0.000,-0.920,-0.040,0.000,-0.800,-0.046,0.013,-1.000,-0.046,0.000,-0.880,0.010,0.000,-0.200,0.010,0.023,0.360,0.010,0.000,0.400,-0.060,0.000,-1.200,-0.056,0.025,-1.160,-0.058,0.000,-1.240,68,0.22,6.65
25/08/2026,18:54:00,-0.030,0.000,-0.800,-0.034,0.010,-1.160,-0.054,0.000,-0.800,-0.060,0.000,-1.000,-0.038,0.012,-0.880,-0.044,0.000,-0.880,-0.010,0.000,0.600,0.010,0.022,0.120,0.020,0.000,0.160,-0.080,0.000,-2.000,-0.052,0.023,-1.120,-0.054,0.000,-1.200,68,0.22,6.65
25/08/2026,18:55:00,-0.070,0.000,-1.400,-0.046,0.012,-0.880,-0.054,0.000,-0.760,-0.050,0.000,-0.800,-0.040,0.013,-0.960,-0.044,0.000,-0.680,0.020,0.000,0.200,0.004,0.025,0.360,0.018,0.000,0.320,-0.060,0.000,-1.200,-0.072,0.025,-1.240,-0.060,0.000,-0.840,66,0.21,6.45
25/08/2026,18:56:00,-0.030,0.000,-0.800,-0.056,0.010,-1.120,-0.050,0.000,-0.840,-0.050,0.000,-0.400,-0.040,0.013,-0.960,-0.046,0.000,-0.920,0.030,0.000,0.400,0.014,0.022,0.360,0.018,0.000,0.280,-0.070,0.000,-1.000,-0.052,0.025,-1.120,-0.044,0.000,-0.880,68,0.22,6.65
25/08/2026,18:57:00,-0.060,0.000,-0.800,-0.046,0.010,-1.080,-0.036,0.000,-1.200,-0.050,0.000,-0.800,-0.040,0.015,-0.840,-0.042,0.000,-0.760,0.020,0.000,0.200,0.014,0.022,0.080,0.016,0.000,0.120,-0.030,0.000,-0.800,-0.052,0.022,-1.200,-0.064,0.000,-1.040,64,0.21,6.26
25/08/2026,18:58:00,-0.070,0.000,-0.800,-0.048,0.010,-0.880,-0.062,0.000,-0.920,-0.050,0.000,-0.600,-0.048,0.010,-0.720,-0.046,0.000,-0.920,0.010,0.000,0.400,0.012,0.022,0.240,0.010,0.000,0.080,-0.050,0.000,-0.800,-0.060,0.024,-1.200,-0.058,0.000,-1.160,67,0.22,6.55
25/08/2026,18:59:00,-0.020,0.000,-1.000,-0.044,0.010,-1.040,-0.050,0.000,-0.880,-0.040,0.000,-0.600,-0.050,0.016,-0.920,-0.052,0.000,-1.000,0.030,0.000,0.200,0.012,0.022,0.320,0.020,0.000,0.080,-0.070,0.000,-1.200,-0.060,0.024,-1.080,-0.048,0.000,-1.040,65,0.21,6.35
25/08/2026,19:00:00,-0.030,0.000,-0.800,-0.056,0.010,-1.040,-0.042,0.000,-1.160,-0.050,0.000,-1.000,-0.048,0.012,-1.000,-0.042,0.000,-0.640,0.020,0.000,0.400,0.014,0.021,0.280,0.014,0.000,0.280,-0.040,0.000,-1.000,-0.058,0.026,-1.240,-0.048,0.000,-1.080,65,0.21,6.35
25/08/2026,19:01:00,-0.050,0.000,-0.400,-0.048,0.010,-0.920,-0.056,0.000,-0.720,-0.070,0.000,-0.600,-0.044,0.017,-1.120,-0.040,0.000,-0.920,0.020,0.000,0.800,0.020,0.021,-0.080,0.002,0.000,0.240,-0.070,0.000,-1.000,-0.066,0.025,-1.360,-0.066,0.000,-1.360,64,0.21,6.26
25/08/2026,19:02:00,-0.050,0.000,-0.600,-0.040,0.009,-0.920,-0.050,0.000,-0.880,-0.060,0.000,-0.600,-0.054,0.014,-0.800,-0.048,0.000,-0.680,0.020,0.000,0.600,0.018,0.022,0.240,0.018,0.000,0.160,-0.060,0.000,-1.000,-0.048,0.026,-1.240,-0.048,0.000,-0.800,65,0.21,6.35
25/08/2026,19:03:00,-0.070,0.000,-1.200,-0.052,0.012,-0.720,-0.058,0.000,-0.960,-0.040,0.000,-1.000,-0.044,0.014,-1.040,-0.040,0.000,-0.720,0.000,0.000,0.200,0.010,0.020,0.160,0.016,0.000,0.520,-0.060,0.000,-1.200,-0.056,0.026,-1.360,-0.068,0.000,-1.200,65,0.21,6.35
25/08/2026,19:04:00,-0.050,0.000,-1.000,-0.038,0.010,-0.960,-0.054,0.000,-0.720,-0.060,0.000,-1.000,-0.050,0.012,-0.760,-0.052,0.000,-0.760,0.020,0.000,0.600,0.014,0.019,0.360,0.006,0.000,0.120,-0.080,0.000,-1.400,-0.066,0.024,-1.160,-0.060,0.000,-1.000,66,0.21,6.45
25/08/2026,19:05:00,-0.050,0.000,-1.000,-0.036,0.012,-0.880,-0.040,0.000,-0.920,-0.040,0.000,-1.600,-0.046,0.017,-0.720,-0.034,0.000,-0.800,0.030,0.000,0.400,0.022,0.020,0.080,0.018,0.000,0.200,-0.060,0.000,-1.200,-0.066,0.024,-1.200,-0.052,0.000,-1.120,64,0.21,6.26
25/08/2026,19:06:00,-0.040,0.000,-0.800,-0.050,0.010,-0.880,-0.064,0.000,-0.840,-0.050,0.000,-1.200,-0.044,0.016,-0.680,-0.046,0.000,-0.760,0.020,0.000,-0.200,0.022,0.022,0.280,0.002,0.000,0.360,-0.050,0.000,-1.400,-0.062,0.024,-0.960,-0.046,0.000,-1.000,65,0.21,6.35
25/08/2026,19:07:00,-0.070,0.000,-0.600,-0.034,0.010,-0.960,-0.048,0.000,-1.000,-0.050,0.000,-0.600,-0.042,0.014,-0.880,-0.048,0.000,-0.680,0.030,0.000,0.800,0.016,0.022,0.440,0.008,0.000,0.280,-0.100,0.000,-0.600,-0.058,0.024,-1.080,-0.064,0.000,-1.120,65,0.21,6.35
25/08/2026,19:08:00,-0.060,0.000,-0.600,-0.048,0.011,-1.120,-0.040,0.000,-0.680,-0.040,0.000,-0.400,-0.040,0.015,-0.960,-0.052,0.000,-0.880,-0.040,0.000,0.400,0.010,0.021,0.200,0.006,0.000,0.240,-0.040,0.000,-1.600,-0.062,0.024,-1.400,-0.048,0.000,-0.960,65,0.21,6.35
25/08/2026,19:09:00,-0.060,0.000,-0.400,-0.048,0.010,-1.040,-0.046,0.000,-0.720,-0.050,0.000,-0.800,-0.044,0.012,-0.800,-0.042,0.000,-0.960,0.010,0.000,0.000,0.010,0.020,0.440,0.016,0.000,0.480,-0.060,0.000,-1.600,-0.060,0.025,-1.080,-0.046,0.000,-1.200,65,0.21,6.35
25/08/2026,19:10:00,-0.060,0.000,-0.600,-0.050,0.013,-0.800,-0.050,0.000,-0.760,-0.060,0.000,-1.000,-0.036,0.017,-0.720,-0.048,0.000,-0.680,-0.010,0.000,0.400,0.006,0.026,0.240,0.012,0.000,0.320,-0.070,0.000,-1.400,-0.058,0.023,-1.200,-0.050,0.000,-0.760,85,0.27,8.31
25/08/2026,19:11:00,-0.060,0.000,-1.200,-0.052,0.011,-0.840,-0.054,0.000,-1.040,-0.050,0.000,-0.800,-0.044,0.013,-0.840,-0.048,0.000,-1.000,0.020,0.000,0.200,0.014,0.019,0.160,0.022,0.000,0.240,-0.070,0.000,-1.200,-0.056,0.022,-1.160,-0.058,0.000,-1.120,64,0.21,6.26
25/08/2026,19:12:00,-0.060,0.000,-0.800,-0.048,0.006,-0.880,-0.034,0.000,-1.000,-0.060,0.000,-0.800,-0.042,0.008,-1.040,-0.052,0.000,-0.800,0.030,0.000,0.400,0.010,0.014,0.520,0.002,0.000,0.160,-0.070,0.000,-1.200,-0.060,0.018,-1.000,-0.052,0.000,-1.160,65,0.21,6.35
25/08/2026,19:13:00,-0.050,0.000,-0.600,-0.048,0.003,-0.760,-0.054,0.000,-0.960,-0.050,0.000,-1.000,-0.058,0.006,-0.880,-0.050,0.000,-0.960,0.010,0.000,0.000,0.010,0.013,0.040,0.006,0.000,0.400,-0.060,0.000,-1.000,-0.036,0.017,-1.360,-0.046,0.000,-1.280,66,0.21,6.45
25/08/2026,19:14:00,-0.050,0.000,-1.200,-0.050,0.004,-0.920,-0.048,0.000,-0.840,-0.050,0.000,-0.800,-0.036,0.007,-1.080,-0.036,0.000,-1.040,0.040,0.000,0.000,0.012,0.012,0.360,0.020,0.000,0.400,-0.070,0.000,-1.400,-0.054,0.015,-1.240,-0.056,0.000,-1.080,65,0.21,6.35
25/08/2026,19:15:00,-0.060,0.000,-1.200,-0.058,0.000,-1.080,-0.058,0.000,-0.920,-0.030,0.000,-0.400,-0.038,0.006,-0.760,-0.044,0.000,-0.840,0.010,0.000,0.400,0.010,0.006,0.480,0.014,0.000,0.520,-0.060,0.000,-1.400,-0.056,0.014,-1.000,-0.040,0.000,-1.200,63,0.20,6.16
25/08/2026,19:16:00,-0.050,0.000,-1.000,-0.052,0.000,-1.120,-0.040,0.000,-1.000,-0.040,0.000,-0.600,-0.056,0.000,-1.000,-0.036,0.000,-1.120,0.040,0.000,0.200,0.014,0.000,0.480,0.014,0.000,0.240,-0.070,0.000,-1.200,-0.060,0.000,-1.080,-0.054,0.000,-1.200,65,0.21,6.35
25/08/2026,19:17:00,-0.030,0.000,-1.400,-0.038,0.000,-1.080,-0.046,0.000,-0.880,-0.050,0.000,-0.800,-0.048,0.000,-0.880,-0.050,0.000,-1.120,0.020,0.000,0.200,0.014,0.000,0.200,0.018,0.000,0.320,-0.060,0.000,-1.400,-0.054,0.000,-0.960,-0.056,0.000,-1.000,66,0.21,6.45
25/08/2026,19:18:00,-0.060,0.000,-0.600,-0.040,0.002,-0.920,-0.040,0.000,-0.840,-0.030,0.000,-0.800,-0.042,0.003,-1.040,-0.054,0.000,-0.760,0.010,0.000,0.600,0.014,0.008,0.280,0.010,0.000,0.200,-0.050,0.000,-1.200,-0.056,0.012,-1.280,-0.058,0.000,-1.240,65,0.21,6.35
25/08/2026,19:19:00,-0.060,0.000,-1.200,-0.054,0.003,-1.000,-0.054,0.000,-1.280,-0.050,0.000,-1.000,-0.046,0.005,-0.960,-0.034,0.000,-0.920,0.000,0.000,0.200,0.014,0.010,0.120,0.014,0.000,0.200,-0.050,0.000,-0.800,-0.068,0.014,-1.160,-0.056,0.000,-0.960,68,0.22,6.65
25/08/2026,19:20:00,-0.050,0.000,-1.400,-0.038,0.003,-0.640,-0.040,0.000,-0.960,-0.050,0.000,-1.000,-0.052,0.006,-0.920,-0.040,0.000,-1.000,0.000,0.000,0.600,0.024,0.010,0.360,0.010,0.000,0.320,-0.050,0.000,-1.000,-0.058,0.014,-1.040,-0.060,0.000,-1.040,65,0.21,6.35
25/08/2026,19:21:00,-0.070,0.000,-1.000,-0.046,0.003,-1.080,-0.046,0.000,-0.920,-0.050,0.000,-0.800,-0.044,0.006,-0.840,-0.048,0.000,-0.680,0.010,0.000,0.000,0.010,0.010,0.320,0.000,0.000,0.360,-0.050,0.000,-1.000,-0.064,0.015,-1.040,-0.056,0.000,-1.240,65,0.21,6.35
25/08/2026,19:22:00,-0.060,0.000,-1.200,-0.054,0.001,-1.040,-0.054,0.000,-0.960,-0.020,0.000,-1.200,-0.048,0.004,-0.800,-0.046,0.000,-0.920,0.020,0.000,0.200,0.022,0.010,0.360,0.022,0.000,0.160,-0.060,0.000,-0.800,-0.062,0.017,-0.880,-0.056,0.000,-0.960,66,0.21,6.45
25/08/2026,19:23:00,-0.070,0.000,-1.000,-0.044,0.002,-0.800,-0.050,0.000,-0.920,-0.060,0.000,-1.000,-0.048,0.007,-0.760,-0.042,0.000,-0.920,0.000,0.000,0.400,0.022,0.008,0.160,0.008,0.000,0.000,-0.060,0.000,-0.800,-0.062,0.015,-1.080,-0.064,0.000,-0.960,64,0.21,6.26
25/08/2026,19:24:00,-0.060,0.000,-2.000,-0.042,0.000,-0.960,-0.032,0.000,-0.920,-0.020,0.000,-0.800,-0.036,0.000,-0.960,-0.034,0.000,-0.880,0.010,0.000,0.000,0.016,0.000,0.440,0.020,0.000,0.120,-0.050,0.000,-1.000,-0.058,0.001,-1.200,-0.052,0.000,-1.080,64,0.21,6.26
25/08/2026,19:25:00,-0.050,0.000,-1.200,-0.038,0.000,-1.040,-0.042,0.000,-0.920,-0.030,0.000,-0.800,-0.040,0.000,-0.760,-0.048,0.000,-0.960,0.020,0.000,0.400,0.014,0.000,0.160,0.012,0.000,0.240,-0.050,0.000,-1.600,-0.050,0.000,-0.840,-0.056,0.000,-1.120,66,0.21,6.45
25/08/2026,19:26:00,-0.050,0.000,-1.000,-0.046,0.000,-0.880,-0.048,0.000,-0.720,-0.050,0.000,-1.200,-0.044,0.000,-0.720,-0.044,0.000,-1.040,-0.010,0.000,-0.200,0.014,0.000,0.000,0.012,0.000,-0.040,-0.050,0.000,-1.200,-0.056,0.000,-1.040,-0.064,0.000,-1.080,65,0.21,6.35
25/08/2026,19:27:00,-0.060,0.000,-0.800,-0.040,0.000,-0.800,-0.046,0.000,-0.760,-0.050,0.000,-1.400,-0.038,0.000,-0.680,-0.046,0.000,-1.000,0.010,0.000,0.200,0.004,0.000,0.200,0.006,0.000,0.040,-0.040,0.000,-1.400,-0.054,0.000,-1.040,-0.064,0.000,-1.000,63,0.20,6.16
25/08/2026,19:28:00,-0.030,0.000,-0.600,-0.048,0.000,-1.040,-0.054,0.000,-0.840,-0.040,0.000,-0.400,-0.052,0.000,-0.680,-0.054,0.000,-1.000,0.020,0.000,0.000,0.010,0.000,0.080,0.006,0.000,0.400,-0.050,0.000,-1.000,-0.064,0.000,-1.200,-0.048,0.000,-1.000,65,0.21,6.35
25/08/2026,19:29:00,-0.060,0.000,-1.000,-0.048,0.000,-0.880,-0.042,0.000,-0.920,-0.050,0.000,-0.600,-0.040,0.000,-0.520,-0.048,0.000,-1.120,0.010,0.000,0.200,0.000,0.000,0.280,0.006,0.000,0.320,-0.040,0.000,-1.600,-0.058,0.000,-0.960,-0.044,0.000,-0.960,64,0.21,6.26
25/08/2026,19:30:00,-0.050,0.000,-0.600,-0.050,0.000,-0.960,-0.038,0.000,-0.960,-0.080,0.000,-1.000,-0.048,0.000,-0.880,-0.058,0.000,-0.760,0.020,0.000,0.800,0.018,0.000,0.160,0.014,0.000,0.400,-0.070,0.000,-1.000,-0.046,0.000,-1.120,-0.066,0.000,-1.040,64,0.21,6.26
25/08/2026,19:31:00,-0.040,0.000,-1.400,-0.046,0.000,-0.960,-0.058,0.000,-1.120,-0.040,0.000,-0.800,-0.044,0.000,-0.720,-0.052,0.000,-0.840,0.010,0.000,0.400,0.018,0.000,0.360,0.006,0.000,0.280,-0.050,0.000,-1.000,-0.050,0.000,-1.000,-0.048,0.000,-1.040,65,0.21,6.35
25/08/2026,19:32:00,-0.070,0.000,-0.800,-0.050,0.000,-1.080,-0.052,0.000,-1.000,-0.050,0.000,-0.600,-0.036,0.000,-0.840,-0.042,0.000,-0.960,0.010,0.000,0.800,0.008,0.000,0.440,0.014,0.000,0.400,-0.060,0.000,-0.800,-0.056,0.002,-1.200,-0.064,0.000,-1.120,66,0.21,6.45
25/08/2026,19:33:00,-0.060,0.000,-1.000,-0.050,0.000,-1.080,-0.062,0.000,-0.920,-0.040,0.000,-0.800,-0.046,0.002,-0.920,-0.048,0.000,-1.000,0.010,0.000,0.400,0.008,0.002,0.360,0.012,0.000,0.160,-0.060,0.000,-1.000,-0.052,0.006,-1.120,-0.062,0.000,-1.120,63,0.20,6.16
25/08/2026,19:34:00,-0.060,0.000,-0.800,-0.054,0.000,-1.040,-0.042,0.000,-0.880,-0.050,0.000,-1.200,-0.046,0.000,-0.800,-0.042,0.000,-0.760,0.010,0.000,0.600,0.016,0.001,0.160,0.008,0.000,0.280,-0.080,0.000,-1.400,-0.058,0.005,-1.080,-0.058,0.000,-1.240,64,0.21,6.26
25/08/2026,19:35:00,-0.040,0.000,-1.400,-0.042,0.000,-1.080,-0.036,0.000,-1.200,-0.040,0.000,-0.400,-0.044,0.002,-0.880,-0.048,0.000,-1.000,0.030,0.000,0.000,0.002,0.005,0.280,0.018,0.000,0.320,-0.110,0.000,-0.800,-0.046,0.010,-1.240,-0.054,0.000,-1.000,66,0.21,6.45
25/08/2026,19:36:00,-0.040,0.000,-1.400,-0.036,0.000,-1.040,-0.058,0.000,-0.880,-0.030,0.000,-0.800,-0.044,0.003,-0.880,-0.050,0.000,-0.960,0.030,0.000,-0.400,0.006,0.008,0.120,0.014,0.000,0.160,-0.050,0.000,-0.800,-0.048,0.013,-1.080,-0.044,0.000,-1.000,64,0.21,6.26
25/08/2026,19:37:00,-0.060,0.000,-0.600,-0.056,0.000,-0.920,-0.048,0.000,-1.000,-0.040,0.000,-0.800,-0.062,0.004,-1.000,-0.044,0.000,-1.080,0.020,0.000,0.200,0.004,0.006,0.280,0.018,0.000,0.160,-0.050,0.000,-0.800,-0.048,0.012,-1.160,-0.058,0.000,-1.040,66,0.21,6.45
25/08/2026,19:38:00,-0.050,0.000,-1.000,-0.044,0.000,-0.880,-0.048,0.000,-0.720,-0.050,0.000,-0.800,-0.044,0.002,-0.800,-0.056,0.000,-1.040,0.020,0.000,0.400,0.006,0.006,0.120,0.012,0.000,0.160,-0.060,0.000,-1.400,-0.050,0.014,-1.320,-0.058,0.000,-1.040,65,0.21,6.35
25/08/2026,19:39:00,-0.050,0.000,-1.200,-0.048,0.000,-0.960,-0.038,0.000,-1.000,-0.030,0.000,-1.000,-0.050,0.004,-0.920,-0.038,0.000,-0.800,0.000,0.000,0.400,0.012,0.005,0.240,0.004,0.000,0.200,-0.060,0.000,-1.000,-0.052,0.012,-1.040,-0.052,0.000,-0.920,64,0.21,6.26
25/08/2026,19:40:00,-0.050,0.000,-1.600,-0.056,0.000,-1.040,-0.044,0.000,-0.800,-0.030,0.000,-0.600,-0.046,0.003,-0.480,-0.036,0.000,-0.800,0.030,0.000,0.400,0.018,0.002,0.280,0.020,0.000,0.280,-0.050,0.000,-1.200,-0.054,0.008,-1.000,-0.060,0.000,-1.120,61,0.20,5.96
25/08/2026,19:41:00,-0.030,0.000,-0.800,-0.038,0.000,-0.840,-0.038,0.000,-1.240,-0.040,0.000,-0.600,-0.040,0.000,-0.720,-0.040,0.000,-0.920,0.000,0.000,0.600,0.014,0.000,0.280,0.006,0.000,0.240,-0.070,0.000,-1.600,-0.050,0.000,-0.880,-0.058,0.000,-1.120,65,0.21,6.35
25/08/2026,19:42:00,-0.010,0.000,-1.000,-0.050,0.000,-0.840,-0.036,0.000,-0.880,-0.040,0.000,-1.200,-0.034,0.000,-1.240,-0.042,0.000,-0.880,0.000,0.000,0.000,0.010,0.000,-0.040,0.020,0.000,0.120,-0.050,0.000,-1.400,-0.048,0.000,-0.920,-0.058,0.000,-1.040,65,0.21,6.35
25/08/2026,19:43:00,-0.040,0.000,-1.200,-0.056,0.000,-0.760,-0.052,0.000,-1.120,-0.060,0.000,-0.400,-0.042,0.000,-1.080,-0.030,0.000,-0.960,0.030,0.000,0.200,0.010,0.000,0.280,0.002,0.000,0.160,-0.060,0.000,-1.200,-0.046,0.000,-0.880,-0.050,0.000,-1.080,64,0.21,6.26
25/08/2026,19:44:00,-0.060,0.000,-1.000,-0.046,0.000,-0.800,-0.054,0.000,-0.960,-0.070,0.000,-1.000,-0.032,0.000,-0.920,-0.022,0.000,-1.000,0.010,0.000,0.000,0.006,0.000,0.200,0.002,0.000,0.160,-0.070,0.000,-1.000,-0.048,0.000,-1.000,-0.056,0.000,-1.040,65,0.21,6.35
25/08/2026,19:45:00,-0.080,0.000,-1.200,-0.038,0.000,-0.920,-0.066,0.000,-1.160,-0.070,0.000,-1.400,-0.038,0.000,-1.040,-0.038,0.000,-0.880,0.010,0.000,-0.600,0.010,0.000,0.120,0.004,0.000,-0.040,-0.030,0.000,-1.000,-0.052,0.000,-0.840,-0.042,0.000,-1.120,66,0.21,6.45
25/08/2026,19:46:00,-0.070,0.000,-0.600,-0.058,0.000,-0.880,-0.048,0.000,-0.920,-0.050,0.000,-1.200,-0.054,0.000,-0.720,-0.046,0.000,-0.720,-0.010,0.000,-0.200,0.016,0.000,0.040,0.000,0.000,-0.080,-0.070,0.000,-0.800,-0.056,0.000,-0.880,-0.046,0.000,-1.000,65,0.21,6.35
25/08/2026,19:47:00,-0.050,0.000,-1.200,-0.034,0.000,-1.160,-0.044,0.000,-0.800,-0.050,0.000,-1.000,-0.042,0.000,-0.680,-0.048,0.000,-0.880,-0.020,0.000,0.000,0.006,0.000,-0.040,-0.006,0.000,0.120,-0.050,0.000,-1.200,-0.044,0.000,-1.000,-0.056,0.000,-1.040,64,0.21,6.26
25/08/2026,19:48:00,-0.070,0.000,-1.200,-0.060,0.000,-1.120,-0.044,0.000,-0.840,-0.050,0.000,-0.600,-0.046,0.000,-0.920,-0.044,0.000,-0.960,-0.010,0.000,0.000,0.008,0.000,0.320,0.012,0.000,0.080,-0.050,0.000,-0.800,-0.052,0.000,-1.120,-0.054,0.000,-1.080,65,0.21,6.35
25/08/2026,19:49:00,-0.070,0.000,-1.400,-0.040,0.000,-1.000,-0.046,0.000,-1.160,-0.020,0.000,-0.800,-0.034,0.000,-1.080,-0.040,0.000,-0.920,0.010,0.000,0.600,0.010,0.000,0.280,0.006,0.000,-0.200,-0.060,0.000,-1.200,-0.052,0.000,-0.960,-0.056,0.000,-0.840,64,0.21,6.26
25/08/2026,19:50:00,-0.060,0.000,-0.800,-0.054,0.000,-1.080,-0.058,0.000,-1.040,-0.040,0.000,-0.800,-0.040,0.000,-1.000,-0.038,0.000,-0.920,0.000,0.000,0.000,0.014,0.000,0.040,0.008,0.000,0.160,-0.030,0.000,-1.200,-0.052,0.000,-1.040,-0.044,0.000,-1.200,58,0.19,5.67
25/08/2026,19:51:00,-0.070,0.000,-1.400,-0.034,0.000,-0.840,-0.040,0.000,-1.080,-0.050,0.000,-0.400,-0.052,0.000,-0.880,-0.042,0.000,-0.560,0.010,0.000,0.200,0.006,0.000,0.320,0.014,0.000,0.160,-0.060,0.000,-1.200,-0.052,0.000,-1.360,-0.054,0.000,-0.920,63,0.20,6.16
25/08/2026,19:52:00,-0.050,0.000,-1.000,-0.048,0.000,-1.080,-0.056,0.000,-0.840,-0.050,0.000,-1.200,-0.046,0.000,-0.840,-0.036,0.000,-1.000,0.010,0.000,0.400,0.016,0.000,0.120,0.006,0.000,0.080,-0.050,0.000,-0.800,-0.050,0.000,-1.080,-0.054,0.000,-0.880,64,0.21,6.26
25/08/2026,19:53:00,-0.040,0.000,-0.800,-0.048,0.000,-0.960,-0.052,0.000,-0.880,-0.030,0.000,-1.200,-0.044,0.000,-0.680,-0.036,0.000,-1.160,0.030,0.000,0.000,0.002,0.000,0.160,0.002,0.000,0.040,-0.060,0.000,-1.200,-0.056,0.000,-1.000,-0.062,0.000,-1.000,63,0.20,6.16
25/08/2026,19:54:00,-0.050,0.000,-1.200,-0.050,0.000,-0.800,-0.054,0.000,-0.800,-0.060,0.000,-1.200,-0.038,0.004,-0.960,-0.032,0.000,-1.040,0.000,0.000,0.000,0.008,0.004,0.240,0.016,0.000,0.320,-0.050,0.000,-0.600,-0.050,0.010,-1.280,-0.062,0.000,-1.040,63,0.20,6.16
25/08/2026,19:55:00,-0.050,0.000,-0.400,-0.032,0.000,-1.000,-0.058,0.000,-0.760,-0.040,0.000,-1.200,-0.048,0.000,-0.840,-0.046,0.000,-1.120,0.000,0.000,0.200,0.026,0.001,0.280,0.012,0.000,0.280,-0.040,0.000,-1.600,-0.060,0.004,-1.040,-0.052,0.000,-1.000,63,0.20,6.16
25/08/2026,19:56:00,-0.080,0.000,-0.400,-0.044,0.000,-0.920,-0.046,0.000,-0.960,-0.050,0.000,-1.200,-0.044,0.000,-1.040,-0.046,0.000,-1.000,0.020,0.000,0.000,0.026,0.000,0.480,0.002,0.000,0.200,-0.060,0.000,-0.600,-0.054,0.000,-1.160,-0.066,0.000,-1.200,63,0.20,6.16
25/08/2026,19:57:00,-0.070,0.000,-1.200,-0.058,0.000,-0.920,-0.044,0.000,-1.040,-0.030,0.000,-1.200,-0.040,0.000,-0.680,-0.040,0.000,-0.720,-0.010,0.000,-0.600,0.000,0.000,0.160,0.004,0.000,0.080,-0.040,0.000,-1.200,-0.064,0.000,-1.040,-0.044,0.000,-1.240,63,0.20,6.16
25/08/2026,19:58:00,-0.020,0.000,-0.800,-0.040,0.000,-0.720,-0.054,0.000,-0.880,-0.040,0.000,-0.800,-0.050,0.000,-0.920,-0.046,0.000,-0.840,0.030,0.000,0.400,0.010,0.000,0.240,0.006,0.000,0.320,-0.040,0.000,-1.000,-0.060,0.000,-1.120,-0.046,0.000,-1.000,64,0.21,6.26
25/08/2026,19:59:00,-0.060,0.000,-0.800,-0.050,0.000,-0.960,-0.064,0.000,-0.840,-0.020,0.000,-1.200,-0.050,0.000,-0.640,-0.038,0.000,-0.760,0.010,0.000,-0.200,0.014,0.000,0.440,0.012,0.000,0.240,-0.070,0.000,-0.600,-0.064,0.000,-1.280,-0.056,0.000,-0.960,64,0.21,6.26
25/08/2026,20:00:00,-0.030,0.000,-0.800,-0.040,0.000,-0.920,-0.048,0.000,-1.000,-0.040,0.000,-1.600,-0.042,0.000,-0.880,-0.042,0.000,-0.720,-0.020,0.000,0.200,0.010,0.000,-0.040,0.012,0.000,0.080,-0.070,0.000,-1.200,-0.060,0.000,-1.000,-0.050,0.000,-1.080,64,0.21,6.26
25/08/2026,20:01:00,-0.050,0.000,-1.200,-0.052,0.000,-0.480,-0.058,0.000,-0.760,-0.060,0.000,-0.800,-0.034,0.000,-1.000,-0.046,0.000,-0.760,-0.020,0.000,-0.200,0.004,0.000,0.080,-0.018,0.000,-0.040,-0.060,0.000,-1.400,-0.046,0.000,-1.040,-0.044,0.000,-0.840,64,0.21,6.26
25/08/2026,20:02:00,-0.080,0.000,-1.200,-0.036,0.000,-0.920,-0.054,0.000,-0.960,-0.040,0.000,-1.000,-0.044,0.000,-0.760,-0.038,0.000,-1.000,-0.030,0.000,0.000,0.000,0.000,-0.200,-0.006,0.000,0.080,-0.070,0.000,-0.800,-0.054,0.000,-1.000,-0.046,0.000,-1.240,64,0.21,6.26
25/08/2026,20:03:00,-0.070,0.000,-1.200,-0.048,0.000,-1.080,-0.060,0.000,-1.120,-0.050,0.000,-0.600,-0.044,0.000,-0.600,-0.030,0.000,-0.760,-0.010,0.000,-0.800,-0.004,0.000,0.200,-0.012,0.000,-0.240,-0.040,0.000,-1.200,-0.052,0.000,-0.800,-0.040,0.000,-1.160,62,0.20,6.06
25/08/2026,20:04:00,-0.060,0.000,-0.800,-0.054,0.000,-0.880,-0.058,0.000,-1.000,-0.080,0.000,-1.200,-0.028,0.000,-0.800,-0.038,0.000,-0.640,-0.040,0.000,0.000,-0.002,0.000,0.080,-0.010,0.000,-0.320,-0.070,0.000,-1.400,-0.048,0.000,-0.960,-0.044,0.000,-1.280,59,0.19,5.77
25/08/2026,20:05:00,-0.090,0.000,-1.200,-0.050,0.000,-0.800,-0.050,0.000,-1.120,-0.050,0.000,-0.800,-0.032,0.000,-0.760,-0.026,0.000,-0.640,-0.010,0.000,-0.200,-0.002,0.000,-0.160,-0.014,0.000,-0.360,-0.050,0.000,-1.400,-0.042,0.000,-1.080,-0.048,0.000,-1.000,65,0.21,6.35
25/08/2026,20:06:00,-0.050,0.000,-1.400,-0.042,0.000,-0.920,-0.036,0.000,-0.920,-0.040,0.000,-1.000,-0.038,0.000,-0.760,-0.042,0.000,-0.760,-0.020,0.000,0.000,0.002,0.000,-0.120,-0.012,0.000,0.040,-0.070,0.000,-1.200,-0.052,0.000,-0.760,-0.066,0.000,-0.960,64,0.21,6.26
25/08/2026,20:07:00,-0.020,0.000,-1.200,-0.040,0.000,-1.000,-0.052,0.000,-1.200,-0.030,0.000,-0.400,-0.052,0.000,-0.800,-0.046,0.000,-0.920,-0.030,0.000,-0.200,0.004,0.000,0.000,-0.006,0.000,-0.200,-0.070,0.000,-1.200,-0.058,0.000,-1.080,-0.048,0.000,-1.080,65,0.21,6.35
25/08/2026,20:08:00,-0.050,0.000,-1.400,-0.040,0.000,-0.920,-0.052,0.000,-1.200,-0.050,0.000,-1.000,-0.038,0.000,-0.960,-0.028,0.000,-0.760,0.000,0.000,-0.400,-0.006,0.000,-0.040,0.000,0.000,0.000,-0.040,0.000,-0.800,-0.048,0.000,-0.760,-0.054,0.000,-1.000,66,0.21,6.45
25/08/2026,20:09:00,-0.060,0.000,-1.200,-0.048,0.000,-0.680,-0.054,0.000,-0.840,-0.040,0.000,-1.000,-0.042,0.000,-1.080,-0.034,0.000,-0.880,0.000,0.000,0.400,0.006,0.000,-0.080,0.008,0.000,0.120,-0.030,0.000,-1.400,-0.050,0.000,-1.080,-0.050,0.000,-1.080,66,0.21,6.45
25/08/2026,20:10:00,-0.050,0.000,-1.200,-0.046,0.000,-1.080,-0.060,0.000,-1.040,-0.070,0.000,-1.000,-0.040,0.000,-0.800,-0.044,0.000,-0.600,-0.010,0.000,0.400,0.000,0.000,0.120,-0.004,0.000,0.240,-0.050,0.000,-1.200,-0.054,0.000,-1.000,-0.054,0.000,-1.280,66,0.21,6.45
25/08/2026,20:11:00,-0.030,0.000,-1.000,-0.040,0.000,-0.760,-0.052,0.000,-0.960,-0.060,0.000,-1.000,-0.040,0.000,-0.720,-0.048,0.000,-1.000,0.000,0.000,0.000,0.026,0.000,0.280,0.002,0.000,0.160,-0.070,0.000,-1.000,-0.054,0.000,-1.200,-0.048,0.000,-0.960,65,0.21,6.35
25/08/2026,20:12:00,-0.060,0.000,-1.200,-0.044,0.000,-0.840,-0.046,0.000,-0.920,-0.040,0.000,-0.800,-0.034,0.000,-0.880,-0.046,0.000,-1.200,0.010,0.000,0.200,0.018,0.000,0.160,0.012,0.000,0.200,-0.060,0.000,-1.000,-0.052,0.000,-1.040,-0.062,0.000,-1.080,66,0.21,6.45
25/08/2026,20:13:00,-0.040,0.000,-1.200,-0.048,0.000,-0.960,-0.054,0.000,-1.080,-0.050,0.000,-1.000,-0.040,0.000,-0.800,-0.042,0.000,-1.160,0.010,0.000,0.000,0.014,0.000,0.120,-0.012,0.000,0.200,-0.020,0.000,-0.600,-0.056,0.000,-1.200,-0.052,0.000,-1.000,66,0.21,6.45
25/08/2026,20:14:00,-0.070,0.000,-1.000,-0.050,0.000,-1.040,-0.038,0.000,-0.880,-0.030,0.000,-0.600,-0.036,0.000,-1.000,-0.030,0.000,-0.840,0.020,0.000,-0.200,0.000,0.000,0.040,-0.014,0.000,-0.480,-0.050,0.000,-1.400,-0.042,0.000,-1.080,-0.048,0.000,-1.040,66,0.21,6.45
25/08/2026,20:15:00,-0.030,0.000,-0.800,-0.036,0.000,-0.920,-0.040,0.000,-0.920,-0.040,0.000,-1.200,-0.048,0.000,-0.840,-0.028,0.000,-0.920,-0.030,0.000,-0.400,0.012,0.000,0.240,0.014,0.000,0.040,-0.040,0.000,-1.200,-0.044,0.000,-1.120,-0.050,0.000,-0.960,66,0.21,6.45
25/08/2026,20:16:00,-0.070,0.000,-1.000,-0.040,0.000,-0.880,-0.044,0.000,-0.880,-0.050,0.000,-0.400,-0.042,0.000,-0.840,-0.052,0.000,-0.800,0.000,0.000,0.000,0.006,0.000,0.200,0.000,0.000,0.000,-0.040,0.000,-1.000,-0.050,0.000,-1.120,-0.042,0.000,-1.120,65,0.21,6.35
25/08/2026,20:17:00,-0.050,0.000,-1.000,-0.052,0.000,-1.040,-0.048,0.000,-0.960,-0.040,0.000,-1.200,-0.044,0.000,-1.160,-0.042,0.000,-0.640,-0.020,0.000,0.000,0.002,0.000,0.160,-0.002,0.000,-0.080,-0.040,0.000,-1.600,-0.052,0.000,-1.120,-0.054,0.000,-1.240,68,0.22,6.65
25/08/2026,20:18:00,-0.030,0.000,-1.400,-0.054,0.000,-0.920,-0.048,0.000,-0.920,-0.020,0.000,-0.600,-0.050,0.000,-0.680,-0.042,0.000,-0.920,0.000,0.000,0.000,0.006,0.000,0.040,0.012,0.000,-0.040,-0.070,0.000,-1.400,-0.058,0.000,-1.120,-0.050,0.000,-0.960,66,0.21,6.45
25/08/2026,20:19:00,-0.030,0.000,-1.000,-0.044,0.000,-0.760,-0.040,0.000,-1.080,-0.030,0.000,-1.200,-0.042,0.000,-0.880,-0.030,0.000,-0.720,0.000,0.000,0.200,0.020,0.000,0.120,0.008,0.000,-0.040,-0.060,0.000,-1.200,-0.044,0.000,-1.080,-0.058,0.000,-1.120,67,0.22,6.55
25/08/2026,20:20:00,-0.030,0.000,-1.200,-0.042,0.000,-1.000,-0.042,0.000,-0.760,-0.070,0.000,-1.000,-0.052,0.000,-0.800,-0.046,0.000,-0.920,0.030,0.000,0.200,0.004,0.000,-0.080,0.010,0.000,0.240,-0.060,0.000,-1.200,-0.056,0.000,-1.320,-0.048,0.000,-0.720,66,0.21,6.45
25/08/2026,20:21:00,-0.070,0.000,-1.200,-0.036,0.000,-1.040,-0.050,0.000,-1.040,-0.080,0.000,-0.600,-0.030,0.000,-0.800,-0.036,0.000,-0.720,-0.010,0.000,0.200,0.002,0.000,0.280,-0.002,0.000,-0.040,-0.030,0.000,-1.200,-0.064,0.000,-0.880,-0.052,0.000,-1.040,66,0.21,6.45
25/08/2026,20:22:00,-0.020,0.000,-1.400,-0.042,0.000,-1.000,-0.064,0.000,-1.000,-0.030,0.000,-1.600,-0.046,0.000,-0.760,-0.050,0.000,-0.800,-0.010,0.000,-0.200,-0.002,0.000,-0.040,-0.010,0.000,-0.160,-0.050,0.000,-1.200,-0.050,0.000,-1.200,-0.042,0.000,-0.920,67,0.22,6.55
25/08/2026,20:23:00,-0.050,0.000,-1.400,-0.040,0.000,-0.600,-0.044,0.000,-1.040,-0.050,0.000,-1.000,-0.028,0.000,-0.800,-0.050,0.000,-0.600,0.000,0.000,0.200,0.002,0.000,0.040,-0.018,0.000,-0.200,-0.050,0.000,-0.800,-0.050,0.000,-0.920,-0.058,0.000,-1.200,67,0.22,6.55
25/08/2026,20:24:00,-0.030,0.000,-1.600,-0.038,0.000,-0.880,-0.054,0.000,-0.960,-0.040,0.000,-1.600,-0.046,0.000,-0.760,-0.050,0.000,-0.720,0.030,0.000,0.200,0.014,0.000,0.160,-0.004,0.000,0.040,-0.050,0.000,-1.400,-0.048,0.000,-1.160,-0.054,0.000,-0.960,64,0.21,6.26
25/08/2026,20:25:00,-0.010,0.000,-1.000,-0.042,0.000,-0.920,-0.044,0.000,-1.080,-0.040,0.000,-1.200,-0.050,0.000,-1.080,-0.044,0.000,-0.960,-0.010,0.000,0.400,-0.002,0.000,0.280,0.010,0.000,0.040,-0.060,0.000,-1.400,-0.056,0.000,-1.280,-0.056,0.000,-1.000,65,0.21,6.35
25/08/2026,20:26:00,-0.050,0.000,-0.600,-0.058,0.000,-0.800,-0.060,0.000,-1.120,-0.030,0.000,-0.800,-0.030,0.000,-0.760,-0.046,0.000,-0.920,0.020,0.000,0.200,0.018,0.000,0.240,0.000,0.000,0.200,-0.060,0.000,-0.800,-0.062,0.000,-1.040,-0.060,0.000,-1.280,67,0.22,6.55
25/08/2026,20:27:00,-0.050,0.000,-0.800,-0.044,0.000,-1.040,-0.046,0.000,-0.880,-0.030,0.000,-0.800,-0.050,0.000,-0.920,-0.044,0.000,-0.720,0.000,0.000,-0.200,0.014,0.000,-0.080,0.018,0.000,0.320,-0.050,0.000,-0.600,-0.054,0.000,-0.920,-0.052,0.000,-1.000,63,0.20,6.16
25/08/2026,20:28:00,-0.050,0.000,-0.800,-0.044,0.000,-0.880,-0.048,0.000,-1.040,-0.050,0.000,-0.400,-0.040,0.000,-0.800,-0.042,0.000,-0.760,-0.030,0.000,0.200,0.006,0.000,0.160,-0.002,0.000,0.120,-0.050,0.000,-1.400,-0.062,0.000,-0.960,-0.048,0.000,-1.120,64,0.21,6.26
25/08/2026,20:29:00,-0.060,0.000,-1.400,-0.050,0.000,-0.880,-0.062,0.000,-0.920,-0.070,0.000,-0.800,-0.044,0.000,-0.920,-0.044,0.000,-0.600,0.010,0.000,0.600,0.012,0.000,0.000,0.014,0.000,0.520,-0.040,0.000,-1.000,-0.052,0.000,-1.320,-0.058,0.000,-1.120,66,0.21,6.45
25/08/2026,20:30:00,-0.050,0.000,-0.800,-0.042,0.000,-1.000,-0.048,0.000,-1.040,-0.050,0.000,-1.000,-0.044,0.000,-0.680,-0.044,0.000,-0.840,0.020,0.000,0.000,0.012,0.000,0.120,0.014,0.000,0.080,-0.060,0.000,-0.800,-0.052,0.000,-1.080,-0.054,0.000,-0.960,63,0.20,6.16
25/08/2026,20:31:00,-0.100,0.004,-1.600,-0.056,0.000,-0.680,-0.062,0.010,-1.360,-0.010,0.000,-1.200,-0.034,0.000,-0.640,-0.046,0.002,-0.760,-0.050,0.000,-0.800,-0.032,0.000,-0.520,-0.042,0.004,-0.880,-0.040,0.000,-1.200,-0.026,0.000,-0.680,-0.038,0.002,-0.920,64,0.21,6.26
25/08/2026,20:32:00,-0.060,0.008,-1.400,-0.056,0.017,-1.000,-0.096,0.020,-1.160,-0.060,0.000,-1.600,-0.030,0.000,-0.640,-0.018,0.002,-0.640,-0.080,0.004,-1.200,-0.022,0.000,-0.840,-0.044,0.002,-1.040,-0.040,0.000,-1.400,-0.030,0.000,-0.760,-0.048,0.000,-1.040,64,0.21,6.26
25/08/2026,20:33:00,-0.080,0.004,-1.000,-0.042,0.000,-0.600,-0.096,0.017,-1.160,-0.090,0.000,-1.000,-0.030,0.000,-0.760,-0.032,0.002,-0.680,-0.070,0.000,-2.000,-0.028,0.000,-0.760,-0.038,0.005,-1.000,-0.050,0.000,-1.000,-0.026,0.000,-1.040,-0.052,0.002,-0.760,65,0.21,6.35
25/08/2026,20:34:00,-0.050,0.000,-1.400,-0.050,0.000,-0.600,-0.094,0.023,-1.040,-0.100,0.000,-0.800,-0.030,0.000,-0.840,-0.026,0.001,-0.680,-0.070,0.004,-1.200,-0.028,0.000,-0.560,-0.058,0.003,-0.880,-0.010,0.000,-0.600,-0.024,0.000,-0.520,-0.048,0.001,-1.040,65,0.21,6.35
25/08/2026,20:35:00,-0.060,0.008,-1.000,-0.056,0.017,-0.800,-0.100,0.021,-0.960,-0.100,0.000,-0.800,-0.054,0.000,-0.840,-0.032,0.002,-0.760,-0.030,0.000,-1.400,-0.030,0.000,-0.840,-0.048,0.004,-1.000,-0.080,0.000,-0.600,-0.034,0.000,-0.600,-0.046,0.002,-0.920,65,0.21,6.35
25/08/2026,20:36:00,-0.060,0.004,-1.000,-0.048,0.000,-0.640,-0.094,0.017,-1.200,-0.040,0.000,-1.000,-0.032,0.000,-0.720,-0.026,0.002,-0.560,-0.030,0.000,-1.000,-0.028,0.000,-0.640,-0.044,0.003,-0.880,-0.040,0.000,-0.600,-0.030,0.000,-0.360,-0.044,0.002,-0.600,64,0.21,6.26
25/08/2026,20:37:00,-0.080,0.004,-1.400,-0.032,0.010,-0.680,-0.096,0.021,-1.080,-0.060,0.000,-1.200,-0.026,0.000,-0.840,-0.028,0.003,-0.600,-0.050,0.000,-1.000,-0.032,0.000,-0.680,-0.048,0.002,-0.800,-0.050,0.000,-0.600,-0.044,0.000,-0.520,-0.056,0.003,-1.000,65,0.21,6.35
25/08/2026,20:38:00,-0.070,0.004,-1.000,-0.046,0.012,-0.880,-0.092,0.021,-1.080,-0.050,0.000,-0.800,-0.030,0.000,-0.640,-0.040,0.002,-0.720,-0.040,0.000,-1.000,-0.034,0.000,-0.680,-0.038,0.004,-0.880,-0.050,0.000,-1.200,-0.036,0.000,-0.880,-0.038,0.002,-0.840,65,0.21,6.35
25/08/2026,20:39:00,-0.100,0.004,-2.400,-0.058,0.000,-0.720,-0.092,0.014,-1.320,-0.030,0.000,-0.800,-0.044,0.000,-0.760,-0.038,0.002,-0.760,-0.090,0.000,-1.800,-0.032,0.000,-0.600,-0.044,0.003,-0.760,-0.070,0.000,-1.600,-0.034,0.000,-0.680,-0.048,0.002,-0.880,65,0.21,6.35
25/08/2026,20:40:00,-0.100,0.000,-1.600,-0.058,0.000,-0.880,-0.088,0.013,-1.360,-0.060,0.000,-2.000,-0.030,0.000,-1.000,-0.026,0.001,-0.480,-0.050,0.000,-1.000,-0.032,0.000,-0.720,-0.062,0.004,-1.000,-0.060,0.000,-1.000,-0.042,0.000,-0.840,-0.052,0.002,-0.640,65,0.21,6.35
25/08/2026,20:41:00,-0.080,0.004,-1.400,-0.050,0.000,-0.600,-0.068,0.011,-1.600,-0.040,0.000,-1.600,-0.044,0.000,-0.560,-0.020,0.003,-0.560,-0.080,0.004,-0.200,-0.018,0.000,-0.600,-0.038,0.004,-0.520,-0.080,0.000,-1.000,-0.032,0.000,-0.840,-0.046,0.002,-0.960,66,0.21,6.45
25/08/2026,20:42:00,-0.090,0.004,-1.000,-0.060,0.013,-0.720,-0.088,0.017,-1.120,-0.030,0.000,-0.800,-0.036,0.000,-0.720,-0.026,0.002,-0.480,-0.050,0.000,-1.600,-0.024,0.000,-0.800,-0.054,0.005,-0.840,-0.040,0.000,-0.400,-0.024,0.000,-1.000,-0.052,0.000,-0.840,66,0.21,6.45
25/08/2026,20:43:00,-0.050,0.000,-0.800,-0.062,0.000,-0.920,-0.050,0.010,-1.360,-0.060,0.000,-2.000,-0.036,0.000,-0.800,-0.022,0.002,-0.600,-0.040,0.004,-0.800,-0.034,0.000,-0.520,-0.044,0.003,-0.880,-0.060,0.000,-0.600,-0.036,0.000,-0.680,-0.052,0.002,-0.920,66,0.21,6.45
25/08/2026,20:44:00,-0.060,0.004,-1.000,-0.046,0.000,-0.920,-0.076,0.014,-1.240,-0.060,0.000,-1.800,-0.032,0.000,-0.800,-0.034,0.002,-0.760,-0.030,0.000,-0.800,-0.036,0.000,-0.640,-0.036,0.004,-0.840,-0.050,0.000,-0.400,-0.028,0.000,-0.600,-0.060,0.003,-1.160,77,0.25,7.53
25/08/2026,20:45:00,-0.090,0.004,-1.800,-0.036,0.000,-1.000,-0.084,0.011,-1.280,-0.060,0.000,-1.000,-0.046,0.000,-0.680,-0.034,0.002,-0.640,-0.030,0.000,-1.000,-0.020,0.000,-0.600,-0.038,0.004,-1.000,-0.050,0.004,-0.800,-0.038,0.000,-0.520,-0.054,0.003,-1.040,66,0.21,6.45
25/08/2026,20:46:00,-0.060,0.004,-2.000,-0.042,0.004,-0.800,-0.098,0.022,-1.040,-0.100,0.000,-1.200,-0.032,0.000,-0.680,-0.030,0.001,-0.680,-0.060,0.000,-1.800,-0.040,0.000,-0.840,-0.040,0.003,-0.960,-0.070,0.000,-0.600,-0.036,0.000,-0.640,-0.038,0.002,-0.960,65,0.21,6.35
25/08/2026,20:47:00,-0.070,0.004,-2.000,-0.046,0.022,-0.840,-0.092,0.022,-0.880,-0.080,0.004,-1.600,-0.032,0.000,-0.600,-0.028,0.003,-0.600,-0.080,0.004,-1.200,-0.030,0.000,-0.520,-0.052,0.004,-1.080,-0.070,0.000,-1.400,-0.028,0.000,-0.880,-0.034,0.003,-1.000,65,0.21,6.35
25/08/2026,20:48:00,-0.060,0.004,-1.000,-0.058,0.017,-0.880,-0.098,0.019,-1.240,-0.090,0.000,-1.800,-0.044,0.000,-0.560,-0.026,0.002,-0.760,-0.020,0.000,-1.200,-0.030,0.000,-0.760,-0.056,0.004,-0.720,-0.050,0.000,-1.000,-0.038,0.000,-0.760,-0.048,0.002,-0.840,66,0.21,6.45
25/08/2026,20:49:00,-0.040,0.004,-1.400,-0.052,0.000,-0.560,-0.068,0.012,-1.240,-0.030,0.004,-0.800,-0.028,0.000,-0.480,-0.030,0.002,-0.600,-0.060,0.004,-1.800,-0.028,0.000,-0.680,-0.048,0.004,-0.920,-0.030,0.000,-0.800,-0.044,0.000,-0.440,-0.058,0.002,-0.920,67,0.22,6.55
25/08/2026,20:50:00,-0.090,0.004,-1.800,-0.056,0.000,-0.640,-0.102,0.014,-1.080,-0.100,0.000,-0.800,-0.036,0.000,-0.640,-0.036,0.002,-0.640,-0.040,0.000,-0.600,-0.038,0.000,-0.800,-0.038,0.002,-1.000,-0.040,0.000,-1.000,-0.024,0.000,-0.560,-0.054,0.002,-0.880,68,0.22,6.65
25/08/2026,20:51:00,-0.070,0.000,-1.400,-0.048,0.008,-0.840,-0.084,0.016,-1.160,-0.080,0.000,-1.600,-0.042,0.000,-0.760,-0.030,0.002,-0.520,-0.060,0.000,-1.000,-0.016,0.000,-0.600,-0.042,0.003,-1.000,-0.060,0.000,-1.600,-0.036,0.000,-0.640,-0.048,0.004,-0.960,66,0.21,6.45
25/08/2026,20:52:00,-0.100,0.004,-1.800,-0.060,0.014,-0.840,-0.094,0.022,-0.880,-0.040,0.000,-0.400,-0.024,0.000,-0.760,-0.028,0.002,-0.680,-0.070,0.000,-1.000,-0.036,0.000,-0.640,-0.048,0.003,-0.920,-0.050,0.000,-1.000,-0.030,0.000,-0.680,-0.046,0.002,-1.320,67,0.22,6.55
25/08/2026,20:53:00,-0.060,0.004,-0.800,-0.044,0.000,-1.000,-0.066,0.014,-1.280,-0.040,0.000,-2.200,-0.030,0.000,-0.760,-0.030,0.002,-0.440,-0.060,0.000,-0.800,-0.028,0.000,-0.760,-0.042,0.004,-1.000,-0.050,0.000,-0.800,-0.028,0.000,-0.520,-0.054,0.001,-0.960,67,0.22,6.55
25/08/2026,20:54:00,-0.070,0.008,-1.800,-0.048,0.000,-0.760,-0.096,0.016,-1.200,-0.100,0.000,-1.600,-0.032,0.000,-0.480,-0.040,0.002,-0.560,-0.080,0.000,-1.600,-0.042,0.000,-0.480,-0.044,0.003,-0.600,-0.070,0.000,-1.200,-0.044,0.000,-0.640,-0.056,0.001,-1.080,67,0.22,6.55
25/08/2026,20:55:00,-0.120,0.004,-1.200,-0.040,0.007,-0.920,-0.102,0.022,-1.160,-0.070,0.000,-1.600,-0.036,0.000,-0.840,-0.032,0.002,-0.640,-0.080,0.000,-1.400,-0.014,0.000,-0.840,-0.042,0.004,-0.960,-0.060,0.000,-0.400,-0.034,0.000,-0.680,-0.048,0.002,-0.920,68,0.22,6.65
25/08/2026,20:56:00,-0.100,0.008,-1.200,-0.046,0.014,-1.040,-0.104,0.023,-1.040,-0.040,0.000,-1.200,-0.040,0.000,-0.560,-0.036,0.002,-0.600,-0.070,0.004,-1.200,-0.022,0.000,-0.560,-0.046,0.005,-0.760,-0.040,0.000,-1.600,-0.032,0.000,-0.480,-0.050,0.002,-0.840,67,0.22,6.55
25/08/2026,20:57:00,-0.080,0.008,-1.200,-0.052,0.012,-0.240,-0.066,0.011,-1.080,-0.060,0.000,-1.800,-0.030,0.000,-0.680,-0.040,0.002,-0.360,-0.060,0.000,-0.800,-0.038,0.000,-0.720,-0.032,0.003,-1.000,-0.070,0.000,-0.800,-0.030,0.000,-0.720,-0.052,0.001,-0.880,68,0.22,6.65
25/08/2026,20:58:00,-0.110,0.004,-1.600,-0.046,0.008,-1.040,-0.094,0.024,-0.880,-0.090,0.000,-1.400,-0.036,0.000,-0.640,-0.024,0.002,-0.720,-0.070,0.000,-1.800,-0.030,0.000,-0.520,-0.048,0.004,-0.680,-0.040,0.000,-0.400,-0.032,0.000,-0.800,-0.046,0.004,-0.880,66,0.21,6.45
25/08/2026,20:59:00,-0.030,0.004,-1.400,-0.046,0.000,-0.800,-0.088,0.017,-1.200,-0.120,0.000,-1.200,-0.038,0.000,-0.800,-0.036,0.002,-0.600,-0.030,0.000,-0.800,-0.030,0.000,-0.600,-0.044,0.003,-0.880,-0.070,0.004,-1.200,-0.034,0.000,-0.560,-0.056,0.002,-0.920,68,0.22,6.65
25/08/2026,21:00:00,-0.070,0.004,-1.200,-0.052,0.013,-0.720,-0.086,0.014,-1.440,-0.030,0.000,-1.600,-0.040,0.000,-0.440,-0.024,0.001,-0.240,-0.050,0.004,-1.600,-0.038,0.000,-0.800,-0.042,0.004,-0.840,-0.070,0.000,-1.400,-0.030,0.000,-0.840,-0.044,0.002,-1.200,67,0.22,6.55
25/08/2026,21:01:00,-0.120,0.004,-1.600,-0.040,0.009,-0.760,-0.092,0.022,-1.080,-0.040,0.000,-1.600,-0.030,0.000,-0.720,-0.034,0.002,-0.520,-0.050,0.004,-0.600,-0.022,0.000,-0.400,-0.044,0.004,-0.840,-0.040,0.000,-0.200,-0.046,0.000,-0.640,-0.048,0.002,-0.720,67,0.22,6.55
25/08/2026,21:02:00,-0.110,0.004,-1.000,-0.048,0.007,-1.120,-0.098,0.022,-1.040,-0.080,0.000,-1.600,-0.032,0.000,-0.640,-0.026,0.002,-0.720,-0.080,0.000,-1.000,-0.032,0.000,-0.520,-0.042,0.004,-0.680,-0.070,0.000,-1.200,-0.042,0.000,-0.520,-0.048,0.002,-1.120,70,0.23,6.84
25/08/2026,21:03:00,-0.060,0.004,-1.200,-0.060,0.012,-0.760,-0.078,0.014,-1.360,-0.090,0.004,-0.800,-0.040,0.000,-0.800,-0.016,0.002,-0.520,-0.060,0.000,-1.200,-0.036,0.000,-0.640,-0.052,0.003,-0.880,-0.030,0.000,-1.200,-0.020,0.000,-0.640,-0.044,0.002,-0.920,67,0.22,6.55
25/08/2026,21:04:00,-0.070,0.004,-1.800,-0.048,0.000,-0.720,-0.048,0.011,-1.440,-0.040,0.000,-1.000,-0.028,0.000,-0.640,-0.030,0.002,-0.600,-0.060,0.004,-1.200,-0.038,0.000,-0.480,-0.052,0.004,-0.800,-0.030,0.000,-0.400,-0.032,0.000,-0.720,-0.058,0.002,-1.320,68,0.22,6.65
25/08/2026,21:05:00,-0.080,0.004,-1.000,-0.042,0.004,-0.680,-0.066,0.009,-1.400,-0.030,0.000,-0.400,-0.040,0.000,-0.480,-0.028,0.001,-0.520,-0.070,0.000,-1.600,-0.030,0.000,-0.760,-0.036,0.004,-0.640,-0.060,0.000,-1.200,-0.030,0.000,-0.600,-0.054,0.001,-0.760,68,0.22,6.65
25/08/2026,21:06:00,-0.070,0.004,-2.000,-0.054,0.000,-1.000,-0.100,0.021,-1.200,-0.090,0.000,-1.600,-0.042,0.000,-0.640,-0.018,0.002,-0.360,-0.060,0.004,-0.800,-0.028,0.000,-0.720,-0.034,0.004,-1.040,-0.030,0.000,-0.600,-0.034,0.000,-0.720,-0.048,0.002,-0.960,70,0.23,6.84
25/08/2026,21:07:00,-0.090,0.004,-1.400,-0.044,0.000,-0.680,-0.086,0.021,-1.160,-0.040,0.000,-0.800,-0.028,0.000,-0.760,-0.022,0.002,-0.680,-0.070,0.004,-1.200,-0.022,0.000,-0.800,-0.052,0.004,-1.120,-0.050,0.000,-1.200,-0.030,0.000,-0.400,-0.048,0.001,-0.880,69,0.22,6.74
25/08/2026,21:08:00,-0.060,0.000,-1.200,-0.052,0.000,-0.640,-0.088,0.016,-1.320,-0.070,0.000,-1.000,-0.046,0.000,-0.720,-0.028,0.002,-0.680,-0.070,0.000,-1.200,-0.024,0.000,-0.800,-0.044,0.004,-1.040,-0.030,0.000,-1.200,-0.026,0.000,-0.920,-0.050,0.001,-0.960,73,0.24,7.14
25/08/2026,21:09:00,-0.080,0.004,-0.400,-0.044,0.000,-0.800,-0.054,0.010,-1.360,-0.080,0.000,-2.200,-0.030,0.000,-0.680,-0.048,0.002,-0.640,-0.030,0.000,-1.200,-0.030,0.000,-0.640,-0.050,0.005,-0.680,-0.030,0.004,-0.800,-0.038,0.000,-0.680,-0.056,0.002,-0.920,70,0.23,6.84
25/08/2026,21:10:00,-0.050,0.000,-1.800,-0.046,0.000,-0.560,-0.056,0.008,-1.400,-0.080,0.000,-1.800,-0.048,0.000,-1.040,-0.034,0.001,-0.480,-0.050,0.000,-1.200,-0.032,0.000,-0.720,-0.042,0.004,-0.920,-0.080,0.000,-1.600,-0.028,0.000,-0.680,-0.046,0.002,-0.840,70,0.23,6.84
25/08/2026,21:11:00,-0.110,0.004,-1.200,-0.054,0.011,-0.800,-0.076,0.020,-1.240,-0.030,0.000,-0.800,-0.032,0.000,-0.560,-0.040,0.002,-0.600,-0.080,0.004,-1.200,-0.038,0.000,-0.200,-0.056,0.002,-1.000,-0.030,0.000,-0.200,-0.026,0.000,-0.560,-0.056,0.001,-0.880,70,0.23,6.84
25/08/2026,21:12:00,-0.100,0.004,-1.400,-0.068,0.010,-0.880,-0.036,0.008,-1.520,-0.030,0.000,-1.200,-0.038,0.000,-0.680,-0.020,0.002,-0.520,-0.080,0.004,-0.600,-0.026,0.000,-0.640,-0.042,0.002,-1.040,-0.050,0.000,-0.800,-0.026,0.000,-0.640,-0.044,0.002,-0.960,70,0.23,6.84
25/08/2026,21:13:00,-0.130,0.004,-1.800,-0.054,0.011,-0.840,-0.084,0.014,-1.280,-0.060,0.000,-1.800,-0.034,0.000,-0.840,-0.026,0.002,-0.520,0.000,0.000,0.000,-0.032,0.000,-0.680,-0.040,0.004,-0.960,-0.070,0.000,-0.400,-0.022,0.000,-0.840,-0.056,0.001,-0.720,67,0.22,6.55
25/08/2026,21:14:00,-0.100,0.004,-2.200,-0.046,0.000,-0.680,-0.088,0.023,-0.800,-0.050,0.000,-1.600,-0.040,0.000,-0.640,-0.036,0.003,-0.920,-0.070,0.000,-1.000,-0.032,0.000,-0.560,-0.044,0.004,-0.760,-0.010,0.000,-0.600,-0.034,0.000,-0.920,-0.064,0.002,-1.120,70,0.23,6.84
25/08/2026,21:15:00,-0.070,0.004,-1.200,-0.054,0.009,-0.960,-0.054,0.009,-1.280,-0.040,0.004,-1.400,-0.034,0.000,-0.920,-0.024,0.001,-0.560,-0.060,0.008,-0.600,-0.032,0.000,-0.720,-0.058,0.005,-0.920,-0.060,0.000,-1.200,-0.028,0.000,-0.720,-0.064,0.002,-0.960,69,0.22,6.74
25/08/2026,21:16:00,-0.100,0.004,-1.200,-0.052,0.000,-0.800,-0.090,0.023,-1.000,-0.060,0.000,-1.600,-0.046,0.000,-0.680,-0.024,0.002,-0.360,-0.060,0.004,-0.800,-0.036,0.000,-0.760,-0.048,0.003,-1.080,-0.030,0.000,-1.000,-0.032,0.000,-0.760,-0.056,0.002,-1.000,71,0.23,6.94
25/08/2026,21:17:00,-0.070,0.004,-1.400,-0.052,0.022,-0.760,-0.054,0.011,-1.480,-0.080,0.000,-0.600,-0.030,0.000,-0.480,-0.040,0.002,-0.720,-0.080,0.000,-1.800,-0.042,0.000,-0.680,-0.044,0.005,-0.640,-0.060,0.000,-1.000,-0.028,0.000,-0.680,-0.054,0.002,-1.080,74,0.24,7.23
25/08/2026,21:18:00,-0.050,0.000,-1.400,-0.050,0.000,-0.920,-0.102,0.023,-0.880,-0.040,0.000,-0.800,-0.044,0.000,-0.640,-0.030,0.002,-0.960,-0.060,0.000,-1.200,-0.028,0.000,-0.400,-0.030,0.003,-1.160,-0.050,0.000,-1.600,-0.036,0.000,-0.760,-0.044,0.004,-1.200,72,0.23,7.04
25/08/2026,21:19:00,-0.080,0.008,-1.800,-0.050,0.010,-0.800,-0.076,0.014,-1.600,-0.030,0.000,-1.200,-0.026,0.000,-0.720,-0.030,0.002,-0.880,-0.040,0.000,-0.800,-0.034,0.000,-0.440,-0.026,0.004,-0.920,-0.040,0.004,-1.200,-0.032,0.000,-0.800,-0.046,0.002,-0.760,72,0.23,7.04
25/08/2026,21:20:00,-0.070,0.004,-1.200,-0.056,0.006,-0.880,-0.064,0.009,-1.360,-0.040,0.000,-1.600,-0.014,0.000,-0.680,-0.028,0.001,-0.600,-0.050,0.000,-1.200,-0.022,0.000,-0.800,-0.036,0.003,-0.880,-0.010,0.000,-0.200,-0.044,0.000,-0.600,-0.038,0.000,-1.000,70,0.23,6.84
25/08/2026,21:21:00,-0.080,0.004,-1.000,-0.056,0.010,-0.760,-0.072,0.010,-1.320,-0.070,0.000,-1.600,-0.030,0.000,-0.680,-0.028,0.002,-0.560,-0.070,0.000,-1.400,-0.028,0.000,-0.600,-0.044,0.003,-1.040,-0.040,0.004,-0.800,-0.034,0.000,-0.400,-0.052,0.002,-0.880,73,0.24,7.14
25/08/2026,21:22:00,-0.060,0.008,-1.600,-0.058,0.000,-0.800,-0.088,0.013,-1.320,-0.090,0.000,-1.800,-0.032,0.000,-0.680,-0.032,0.001,-0.720,-0.070,0.000,-1.200,-0.028,0.000,-0.840,-0.042,0.004,-0.960,-0.040,0.000,-1.400,-0.026,0.000,-0.840,-0.046,0.002,-1.120,71,0.23,6.94
25/08/2026,21:23:00,-0.060,0.000,-1.400,-0.042,0.000,-1.040,-0.102,0.021,-1.120,-0.080,0.000,-0.800,-0.036,0.000,-0.720,-0.030,0.001,-0.720,-0.070,0.000,-2.000,-0.028,0.000,-0.840,-0.046,0.004,-1.000,-0.020,0.000,-1.000,-0.026,0.000,-0.800,-0.050,0.002,-0.960,74,0.24,7.23
25/08/2026,21:24:00,-0.060,0.000,-1.000,-0.052,0.000,-0.720,-0.092,0.018,-1.160,-0.080,0.004,-1.200,-0.040,0.000,-0.720,-0.036,0.002,-0.520,-0.050,0.004,-0.800,-0.024,0.000,-0.680,-0.038,0.004,-0.840,-0.040,0.000,-0.600,-0.038,0.000,-0.640,-0.060,0.002,-0.800,73,0.24,7.14
25/08/2026,21:25:00,-0.100,0.004,-1.600,-0.048,0.014,-0.960,-0.068,0.015,-1.320,-0.070,0.000,-1.200,-0.028,0.000,-0.720,-0.034,0.001,-0.680,-0.080,0.000,-1.400,-0.034,0.000,-0.400,-0.036,0.004,-0.960,-0.050,0.008,-1.200,-0.042,0.000,-0.720,-0.052,0.003,-0.960,72,0.23,7.04
25/08/2026,21:26:00,-0.110,0.004,-1.600,-0.038,0.010,-0.840,-0.056,0.010,-1.240,-0.050,0.000,-0.800,-0.040,0.000,-0.800,-0.026,0.002,-0.640,-0.070,0.000,-0.600,-0.024,0.000,-0.600,-0.048,0.004,-1.080,-0.020,0.000,0.400,-0.024,0.000,-0.760,-0.048,0.002,-1.000,70,0.23,6.84
25/08/2026,21:27:00,-0.060,0.008,-1.600,-0.066,0.000,-0.960,-0.098,0.021,-1.000,-0.080,0.004,-1.400,-0.036,0.000,-0.760,-0.034,0.003,-0.640,-0.070,0.004,-1.800,-0.044,0.000,-0.520,-0.044,0.005,-0.840,-0.070,0.000,-0.400,-0.028,0.000,-0.800,-0.052,0.000,-1.160,73,0.24,7.14
25/08/2026,21:28:00,-0.060,0.004,-1.400,-0.050,0.000,-0.760,-0.084,0.016,-1.080,-0.050,0.000,-1.000,-0.036,0.000,-0.720,-0.012,0.002,-0.680,-0.070,0.000,-1.400,-0.016,0.000,-0.800,-0.046,0.004,-0.920,-0.080,0.000,-1.000,-0.024,0.000,-0.440,-0.042,0.002,-0.800,74,0.24,7.23
25/08/2026,21:29:00,-0.060,0.000,-1.600,-0.052,0.000,-1.000,-0.086,0.024,-1.120,-0.090,0.000,-2.400,-0.032,0.000,-0.680,-0.034,0.001,-0.560,-0.100,0.000,-1.200,-0.018,0.000,-0.680,-0.036,0.004,-1.080,-0.040,0.000,-0.400,-0.020,0.000,-0.560,-0.040,0.002,-1.040,72,0.23,7.04
25/08/2026,21:30:00,-0.070,0.004,-1.000,-0.044,0.000,-0.960,-0.092,0.014,-1.000,-0.090,0.000,-1.200,-0.042,0.000,-0.640,-0.026,0.002,-0.600,-0.080,0.000,-1.200,-0.022,0.000,-0.400,-0.048,0.004,-0.880,-0.080,0.004,-1.000,-0.036,0.000,-0.680,-0.054,0.002,-0.880,72,0.23,7.04
25/08/2026,21:31:00,-0.060,0.004,-1.000,-0.072,0.000,-0.640,-0.100,0.016,-1.280,-0.030,0.000,-0.400,-0.030,0.000,-0.680,-0.026,0.001,-0.600,-0.050,0.000,-1.200,-0.024,0.000,-0.640,-0.048,0.004,-0.920,-0.020,0.000,-0.600,-0.032,0.000,-0.760,-0.050,0.002,-0.960,71,0.23,6.94
25/08/2026,21:32:00,-0.050,0.000,-1.200,-0.052,0.000,-0.720,-0.102,0.022,-1.000,-0.040,0.000,-1.000,-0.034,0.000,-0.800,-0.036,0.002,-0.800,-0.050,0.004,-0.800,-0.026,0.000,-0.600,-0.046,0.005,-0.920,-0.010,0.004,-1.000,-0.034,0.000,-0.680,-0.046,0.001,-0.920,72,0.23,7.04
25/08/2026,21:33:00,-0.090,0.004,-1.200,-0.046,0.010,-0.760,-0.084,0.012,-1.120,-0.060,0.000,-1.600,-0.038,0.000,-0.640,-0.048,0.002,-0.760,-0.020,0.000,-0.600,-0.024,0.000,-0.600,-0.064,0.004,-0.920,-0.050,0.000,-1.200,-0.038,0.000,-0.800,-0.054,0.002,-0.880,70,0.23,6.84
25/08/2026,21:34:00,-0.050,0.004,-1.400,-0.058,0.000,-1.080,-0.094,0.016,-1.040,-0.070,0.000,-1.600,-0.036,0.000,-0.800,-0.034,0.001,-0.440,-0.030,0.000,-1.400,-0.028,0.000,-0.640,-0.042,0.006,-0.840,-0.070,0.000,-1.800,-0.030,0.000,-0.440,-0.054,0.002,-1.040,70,0.23,6.84
25/08/2026,21:35:00,-0.070,0.000,-1.400,-0.060,0.000,-0.960,-0.100,0.023,-0.880,-0.050,0.000,-0.400,-0.030,0.000,-0.720,-0.038,0.001,-0.640,-0.070,0.000,-1.400,-0.022,0.000,-0.560,-0.042,0.004,-1.000,-0.010,0.000,-0.600,-0.040,0.000,-0.720,-0.040,0.001,-0.800,70,0.23,6.84
25/08/2026,21:36:00,-0.060,0.008,-1.000,-0.052,0.000,-0.960,-0.090,0.017,-1.240,-0.110,0.004,-1.800,-0.028,0.000,-0.720,-0.028,0.001,-0.680,-0.050,0.000,-0.800,-0.034,0.000,-0.840,-0.038,0.003,-1.040,-0.040,0.000,-0.600,-0.042,0.000,-0.560,-0.056,0.002,-0.800,67,0.22,6.55
25/08/2026,21:37:00,-0.050,0.004,-0.600,-0.052,0.000,-0.840,-0.098,0.022,-1.000,-0.030,0.000,-1.000,-0.030,0.000,-0.600,-0.030,0.002,-0.840,-0.070,0.004,-1.600,-0.032,0.000,-0.440,-0.036,0.005,-0.880,-0.030,0.000,-0.800,-0.032,0.000,-0.640,-0.054,0.002,-1.040,66,0.21,6.45
25/08/2026,21:38:00,-0.060,0.000,-1.000,-0.052,0.000,-0.480,-0.108,0.022,-0.880,-0.050,0.000,-1.000,-0.034,0.000,-0.680,-0.034,0.002,-0.840,-0.050,0.004,-1.400,-0.030,0.000,-0.640,-0.048,0.002,-0.800,-0.070,0.000,-1.600,-0.028,0.000,-0.640,-0.052,0.002,-1.160,66,0.21,6.45
25/08/2026,21:39:00,-0.040,0.004,-1.000,-0.062,0.000,-0.880,-0.096,0.022,-1.000,-0.050,0.000,-1.000,-0.034,0.000,-0.640,-0.040,0.001,-0.800,-0.070,0.000,-1.400,-0.038,0.000,-0.480,-0.034,0.002,-0.920,-0.060,0.000,-1.400,-0.030,0.000,-0.680,-0.058,0.002,-0.920,67,0.22,6.55
25/08/2026,21:40:00,-0.060,0.004,-1.400,-0.052,0.000,-0.840,-0.082,0.024,-1.080,-0.040,0.000,-1.000,-0.036,0.000,-0.800,-0.036,0.002,-0.760,-0.070,0.000,-1.000,-0.020,0.000,-0.560,-0.054,0.005,-0.960,-0.080,0.000,-0.800,-0.036,0.000,-0.600,-0.052,0.000,-0.960,68,0.22,6.65
25/08/2026,21:41:00,-0.050,0.004,-1.000,-0.060,0.000,-0.920,-0.102,0.021,-1.040,-0.080,0.000,-1.400,-0.034,0.000,-0.920,-0.026,0.002,-0.640,-0.070,0.000,-1.600,-0.022,0.000,-0.440,-0.050,0.005,-0.920,-0.060,0.004,-0.800,-0.030,0.000,-0.600,-0.044,0.002,-0.920,69,0.22,6.74
25/08/2026,21:42:00,-0.100,0.000,-1.400,-0.046,0.010,-0.600,-0.104,0.016,-1.200,-0.050,0.000,-0.600,-0.022,0.000,-0.920,-0.030,0.001,-0.840,-0.030,0.000,0.000,-0.022,0.000,-0.600,-0.038,0.004,-0.920,-0.040,0.000,-1.200,-0.040,0.000,-0.680,-0.046,0.000,-0.760,69,0.22,6.74
25/08/2026,21:43:00,-0.040,0.000,-0.800,-0.052,0.000,-0.920,-0.074,0.012,-1.400,-0.080,0.004,-1.600,-0.030,0.000,-0.760,-0.034,0.002,-0.680,-0.080,0.004,-1.600,-0.016,0.000,-0.440,-0.044,0.003,-0.880,-0.030,0.000,-0.800,-0.022,0.000,-0.920,-0.056,0.001,-1.000,69,0.22,6.74
25/08/2026,21:44:00,-0.100,0.008,-1.600,-0.054,0.000,-0.800,-0.106,0.022,-0.960,-0.100,0.000,-1.200,-0.044,0.000,-0.520,-0.034,0.002,-0.720,-0.050,0.000,-1.000,-0.028,0.000,-0.560,-0.044,0.005,-1.000,-0.070,0.000,-1.600,-0.042,0.000,-0.680,-0.058,0.001,-0.920,69,0.22,6.74
25/08/2026,21:45:00,-0.060,0.000,-1.800,-0.044,0.011,-0.960,-0.064,0.012,-1.520,-0.090,0.000,-2.400,-0.036,0.000,-0.760,-0.030,0.001,-0.640,-0.070,0.000,-1.800,-0.030,0.000,-0.480,-0.050,0.004,-1.040,-0.010,0.000,-0.600,-0.026,0.000,-0.760,-0.062,0.001,-1.200,68,0.22,6.65
25/08/2026,21:46:00,-0.040,0.004,-1.000,-0.036,0.000,-1.000,-0.078,0.014,-1.080,-0.100,0.000,-0.800,-0.030,0.000,-0.920,-0.036,0.002,-0.720,-0.080,0.000,-1.000,-0.032,0.000,-0.840,-0.042,0.005,-1.280,-0.060,0.000,-1.200,-0.042,0.000,-0.880,-0.054,0.001,-0.840,70,0.23,6.84
25/08/2026,21:47:00,-0.080,0.004,-0.600,-0.056,0.000,-1.040,-0.078,0.017,-1.400,-0.060,0.000,-0.800,-0.040,0.000,-0.560,-0.030,0.002,-0.840,-0.060,0.004,-1.200,-0.028,0.000,-0.800,-0.046,0.004,-1.000,-0.050,0.000,-1.400,-0.024,0.000,-0.520,-0.048,0.003,-1.280,72,0.23,7.04
25/08/2026,21:48:00,-0.080,0.004,-1.600,-0.046,0.000,-0.800,-0.098,0.019,-1.080,-0.030,0.000,-1.200,-0.050,0.000,-0.600,-0.034,0.002,-0.480,-0.070,0.000,-1.000,-0.026,0.000,-0.560,-0.042,0.004,-0.680,-0.080,0.000,-0.800,-0.034,0.000,-0.680,-0.052,0.002,-0.960,71,0.23,6.94
25/08/2026,21:49:00,-0.050,0.004,-1.400,-0.052,0.000,-0.920,-0.084,0.019,-1.080,-0.010,0.000,-0.800,-0.042,0.000,-0.680,-0.022,0.002,-0.680,-0.090,0.000,-1.400,-0.032,0.000,-0.800,-0.038,0.003,-0.920,-0.040,0.000,-0.200,-0.030,0.000,-0.720,-0.058,0.002,-0.960,72,0.23,7.04
25/08/2026,21:50:00,-0.060,0.004,-1.600,-0.066,0.000,-0.960,-0.060,0.014,-1.360,-0.030,0.000,-0.400,-0.034,0.000,-0.680,-0.030,0.001,-0.520,-0.030,0.004,-1.400,-0.032,0.000,-0.920,-0.042,0.005,-0.880,-0.070,0.000,-1.800,-0.032,0.000,-0.760,-0.046,0.001,-0.840,71,0.23,6.94
25/08/2026,21:51:00,-0.080,0.004,-2.400,-0.052,0.008,-0.560,-0.088,0.021,-1.040,-0.100,0.000,-1.200,-0.040,0.000,-0.800,-0.030,0.002,-0.800,-0.040,0.000,-0.200,-0.034,0.000,-0.880,-0.056,0.004,-1.080,-0.060,0.000,-1.000,-0.032,0.000,-0.760,-0.046,0.002,-1.200,70,0.23,6.84
25/08/2026,21:52:00,-0.100,0.008,-1.200,-0.056,0.000,-0.720,-0.094,0.020,-1.280,-0.070,0.000,-1.000,-0.030,0.000,-0.720,-0.030,0.003,-0.400,-0.060,0.000,-1.000,-0.028,0.000,-0.760,-0.052,0.004,-0.880,-0.080,0.004,-1.000,-0.038,0.000,-0.720,-0.052,0.001,-1.160,73,0.24,7.14
25/08/2026,21:53:00,-0.060,0.000,-1.800,-0.046,0.009,-0.920,-0.088,0.014,-1.160,-0.040,0.000,-0.800,-0.030,0.000,-0.480,-0.036,0.002,-0.640,-0.030,0.000,-1.200,-0.032,0.000,-0.520,-0.058,0.006,-0.880,-0.020,0.000,-1.200,-0.022,0.000,-0.600,-0.042,0.001,-0.920,73,0.24,7.14
25/08/2026,21:54:00,-0.070,0.004,-1.400,-0.056,0.000,-0.840,-0.076,0.014,-1.320,-0.090,0.000,-1.200,-0.036,0.000,-0.520,-0.030,0.003,-0.600,-0.080,0.000,-1.200,-0.020,0.000,-0.360,-0.042,0.003,-1.040,-0.050,0.004,-1.200,-0.032,0.000,-0.600,-0.054,0.002,-0.760,70,0.23,6.84
25/08/2026,21:55:00,-0.100,0.004,-1.400,-0.064,0.006,-0.600,-0.088,0.023,-1.200,-0.090,0.000,-0.800,-0.030,0.000,-0.720,-0.034,0.000,-0.560,-0.030,0.000,-1.600,-0.024,0.000,-0.800,-0.036,0.005,-0.800,-0.020,0.000,-0.200,-0.036,0.000,-0.600,-0.052,0.004,-0.880,72,0.23,7.04
25/08/2026,21:56:00,-0.050,0.004,-0.600,-0.046,0.000,-1.120,-0.072,0.010,-1.240,-0.040,0.000,-1.800,-0.038,0.000,-0.760,-0.028,0.005,-0.960,-0.020,0.004,-0.800,-0.032,0.000,-0.680,-0.054,0.003,-0.840,-0.040,0.000,-1.000,-0.038,0.000,-0.800,-0.050,0.002,-0.960,72,0.23,7.04
25/08/2026,21:57:00,-0.080,0.004,-1.600,-0.060,0.009,-0.560,-0.098,0.022,-1.120,-0.070,0.000,-2.200,-0.044,0.000,-0.840,-0.026,0.003,-0.480,-0.050,0.000,-1.400,-0.034,0.000,-0.680,-0.034,0.004,-1.080,-0.030,0.000,-1.200,-0.038,0.000,-0.520,-0.050,0.003,-1.280,71,0.23,6.94
25/08/2026,21:58:00,-0.090,0.004,-1.800,-0.048,0.006,-1.000,-0.092,0.022,-1.200,-0.020,0.000,-2.000,-0.032,0.000,-0.600,-0.032,0.002,-0.640,-0.030,0.000,-1.400,-0.034,0.000,-0.880,-0.038,0.002,-0.760,-0.060,0.000,-1.000,-0.040,0.000,-0.600,-0.044,0.002,-0.880,72,0.23,7.04
25/08/2026,21:59:00,-0.060,0.000,-1.200,-0.048,0.010,-1.000,-0.090,0.014,-1.080,-0.100,0.000,-2.600,-0.042,0.000,-0.560,-0.030,0.001,-0.440,-0.050,0.000,-1.600,-0.034,0.000,-0.560,-0.042,0.003,-0.840,-0.010,0.004,-0.200,-0.034,0.000,-0.560,-0.040,0.002,-1.080,72,0.23,7.04
25/08/2026,22:00:00,-0.070,0.000,-1.600,-0.054,0.007,-0.760,-0.096,0.018,-0.960,-0.060,0.000,-1.600,-0.030,0.000,-1.000,-0.036,0.003,-0.520,-0.070,0.000,-1.200,-0.028,0.000,-0.440,-0.052,0.004,-0.880,-0.040,0.000,-0.400,-0.034,0.000,-0.720,-0.048,0.002,-1.200,72,0.23,7.04
25/08/2026,22:01:00,-0.110,0.004,-1.600,-0.046,0.000,-0.680,-0.098,0.018,-1.400,-0.040,0.000,-0.600,-0.030,0.000,-0.720,-0.026,0.000,-0.480,-0.050,0.000,-1.400,-0.030,0.000,-0.680,-0.032,0.005,-0.880,-0.040,0.000,-1.000,-0.032,0.000,-0.440,-0.058,0.000,-0.960,72,0.23,7.04
25/08/2026,22:02:00,-0.070,0.004,-1.400,-0.054,0.000,-0.800,-0.092,0.021,-1.120,-0.060,0.000,-1.000,-0.032,0.000,-0.880,-0.032,0.002,-0.600,-0.090,0.000,-1.400,-0.030,0.000,-0.800,-0.044,0.004,-1.000,-0.010,0.000,-0.600,-0.032,0.000,-0.800,-0.040,0.003,-1.240,73,0.24,7.14
25/08/2026,22:03:00,-0.110,0.004,-1.600,-0.042,0.000,-0.840,-0.070,0.018,-1.160,-0.050,0.000,-0.800,-0.030,0.000,-0.640,-0.032,0.002,-0.360,-0.050,0.004,-0.800,-0.040,0.000,-0.320,-0.050,0.004,-1.000,-0.050,0.000,-1.400,-0.034,0.000,-0.880,-0.046,0.003,-0.920,72,0.23,7.04
25/08/2026,22:04:00,-0.120,0.004,-1.600,-0.050,0.000,-0.560,-0.066,0.014,-1.680,-0.080,0.000,-1.000,-0.030,0.000,-0.400,-0.036,0.002,-0.800,-0.050,0.000,-1.400,-0.026,0.000,-0.680,-0.038,0.004,-0.840,-0.040,0.000,-0.800,-0.038,0.000,-0.560,-0.062,0.001,-0.720,73,0.24,7.14
25/08/2026,22:05:00,-0.070,0.000,-1.400,-0.056,0.006,-1.000,-0.094,0.020,-1.280,-0.060,0.004,-1.000,-0.042,0.000,-0.720,-0.038,0.001,-0.880,-0.040,0.000,-1.400,-0.022,0.000,-0.680,-0.036,0.002,-0.880,-0.050,0.000,-0.800,-0.028,0.000,-0.440,-0.056,0.002,-0.760,73,0.24,7.14
25/08/2026,22:06:00,-0.070,0.000,-1.000,-0.054,0.000,-0.880,-0.056,0.008,-1.320,0.000,0.000,-0.800,-0.030,0.000,-0.880,-0.036,0.003,-0.680,-0.040,0.000,-1.600,-0.020,0.000,-0.800,-0.044,0.005,-0.960,-0.080,0.000,-1.200,-0.020,0.000,-0.360,-0.050,0.001,-0.800,77,0.25,7.53
